# Blender 5.1.1
# www.blender.org
mtllib fox.mtl
o Fox
v 0.459519 0.586816 -0.076803
v 0.564389 -0.575089 -0.258479
v 0.473179 0.648823 -1.210857
v 0.568713 -0.696742 -0.798085
v 0.530081 0.634789 -1.840508
v 0.568713 -0.788465 -1.329791
v 0.407863 1.061042 -2.603086
v 0.434500 0.838285 -2.344229
v 0.573977 -0.755309 -1.850963
v 0.581048 -0.636871 0.103179
v 0.475866 0.534368 1.300941
v 0.491946 0.604193 0.402291
v 0.497995 0.556881 1.048687
v 0.567533 -0.603082 -2.678328
v 0.754699 -0.787852 0.558355
v 0.400151 -0.048278 1.680242
v 0.665652 -0.360320 1.186805
v 0.353006 0.360377 1.571519
v 0.744412 -0.066828 0.905734
v 0.689223 0.070733 0.260358
v 0.804593 -0.119159 -1.583861
v 0.693137 0.076694 -0.076803
v 0.556826 -0.204395 1.495025
v 0.691755 -0.156016 1.200784
v 0.795701 -0.039520 -1.006149
v 0.568713 0.074587 -2.583080
v 0.723745 -0.136107 -2.072750
v 0.408824 1.423850 -2.871091
v 0.384104 0.119389 -3.089905
v 0.457360 0.453028 -2.995475
v 0.370166 0.803178 -3.527251
v 0.424717 1.191278 -3.379366
v 0.206701 1.423782 -4.245935
v 0.128285 1.680292 -4.915124
v 0.343336 1.638538 -4.242912
v 0.111150 1.804638 -4.964038
v 0.318612 1.809781 -4.239177
v 0.206701 1.933617 -4.135032
v 0.101804 1.869536 -4.936374
v 0.324588 1.361407 -3.942256
v 0.473627 1.600312 -3.928445
v 0.454034 1.812175 -3.846040
v 0.298384 2.053346 -3.919778
v 0.374312 1.171247 -3.797315
v 0.538992 1.538108 -3.695678
v 0.571458 1.754356 -3.527134
v 0.122095 2.279699 -3.687265
v 0.509277 0.290585 -2.818458
v 0.440876 -0.466941 -2.900304
v 0.389966 1.719114 -3.042256
v 0.567766 2.058697 -3.220605
v 0.432700 2.284663 -3.299399
v 0.495430 1.620212 -3.275500
v 0.737919 2.407472 -3.295968
v 0.650194 3.067890 -3.388129
v 0.609283 3.054631 -3.425708
v 0.633101 2.981231 -3.413456
v 0.475200 2.438635 -3.453438
v 0.176937 1.895053 -4.631998
v 0.206701 1.534450 -4.615486
v 0.259469 1.702577 -4.632036
v 0.233537 1.815962 -4.636224
v 0.677878 2.990980 -3.403241
v 0.606990 2.872994 -3.397055
v 0.386434 2.802781 -3.483381
v 0.522711 2.637282 -3.311519
v 0.303797 -0.878645 -1.266847
v 0.319775 -0.346414 1.368462
v 0.262520 -0.578235 -2.966278
v 0.376783 -0.847034 -1.770208
v 0.134303 -0.757549 0.558355
v 0.186143 -0.681351 0.088765
v 0.276994 -0.743193 -2.803292
v 0.295992 -0.797316 -0.730754
v 0.294965 -0.690253 -0.258479
v 0.194094 0.631341 -3.707180
v 0.239070 1.036771 -3.908976
v 0.231651 -0.146820 -3.298528
v 0.536287 -1.148911 -2.401081
v 0.347292 -1.268379 -2.484258
v 0.558669 -1.275146 -1.885619
v 0.372465 -1.381426 -1.829598
v 0.679277 -0.681131 -2.254125
v 0.647107 -0.031952 -2.325026
v 0.509128 -1.666432 -2.378224
v 0.305521 -1.780457 -2.422122
v 0.484872 -1.748567 -1.969464
v 0.378833 -1.830098 -1.922268
v 0.492134 -2.557129 -2.372851
v 0.322259 -2.653718 -2.362854
v 0.471609 -2.619223 -2.030507
v 0.368896 -2.650397 -2.027158
v 0.478260 -3.264632 -2.410481
v 0.324643 -3.295264 -2.406097
v 0.446874 -3.428266 -2.129786
v 0.361039 -3.433042 -2.116826
v 0.610191 -1.197349 -2.203293
v 0.555941 -2.589282 -2.195604
v 0.571345 -1.707790 -2.172405
v 0.544913 -3.343522 -2.286888
v 0.645080 -0.936650 -2.228964
v 0.613025 -0.966253 -2.343698
v 0.582062 -0.832537 -2.561779
v 0.528158 -0.978073 -1.865814
v 0.306988 -0.963178 -2.656230
v 0.633199 -0.951405 -2.048322
v 0.155016 -0.849573 -2.233581
v 0.295943 -3.468881 -2.266201
v 0.180280 -0.909114 -2.214392
v 0.269657 -2.670643 -2.211842
v 0.201074 -1.338897 -2.150142
v 0.206908 -1.803989 -2.211187
v 0.674839 -0.800850 -2.248650
v 0.575141 -0.723239 -2.617296
v 0.551063 -0.866714 -1.858390
v 0.642630 -0.786382 -2.385234
v 0.663861 -0.816187 -2.151285
v 0.453208 -0.827784 -1.302347
v 0.449089 -0.805079 -1.813146
v 0.478206 -3.395392 -2.591828
v 0.364966 -3.401595 -2.563554
v 0.546703 -3.418923 -2.521907
v 0.477030 -3.468194 -2.711046
v 0.342519 -3.489565 -2.668023
v 0.548703 -3.502717 -2.617665
v 0.475033 -3.591825 -2.771495
v 0.336949 -3.591596 -2.760480
v 0.559107 -3.588738 -2.693354
v 0.534370 -3.585565 -2.267628
v 0.564437 -3.521391 -2.410326
v 0.551105 -3.500746 -2.293921
v 0.284576 -3.588156 -2.335331
v 0.304678 -3.589456 -2.510082
v 0.568137 -3.586908 -2.464640
v 0.291225 -0.019588 1.912969
v 0.235850 0.110126 1.961598
v 0.330304 -0.430097 2.487521
v 0.362603 -1.216497 2.737709
v 0.333708 -1.949654 3.024501
v 0.268673 -2.497116 3.263832
v 0.227082 -2.622615 3.306815
v 0.130471 -2.856998 3.377296
v 0.142306 -2.940030 3.303527
v 0.218741 -2.820773 2.994586
v 0.469324 -2.336758 2.638123
v 0.420671 -1.690738 2.163904
v 0.384076 -0.551958 1.877205
v 0.337767 -0.201661 1.680525
v 0.573582 -0.949835 0.286267
v 0.767532 -1.191951 0.615589
v 0.652000 -1.087695 1.266267
v 0.372266 -0.777023 1.425697
v 0.186794 -1.188158 0.615589
v 0.238634 -0.924647 0.145999
v 0.583873 -1.492850 0.521769
v 0.720822 -1.651723 0.794294
v 0.650554 -1.451104 1.235636
v 0.364311 -1.380667 1.295394
v 0.344622 -1.634979 0.794294
v 0.376688 -1.587846 0.503825
v 0.588615 -1.888208 0.782376
v 0.726827 -1.967420 1.000011
v 0.640158 -1.848749 1.304713
v 0.427927 -1.749330 1.387353
v 0.403678 -1.945909 1.000012
v 0.428464 -1.909476 0.775484
v 0.614880 -2.277996 1.188213
v 0.732244 -2.306094 1.335689
v 0.649807 -2.181238 1.566859
v 0.549655 -2.183888 1.598160
v 0.489563 -2.317094 1.335689
v 0.506358 -2.292407 1.183543
v 0.361317 -1.829143 1.230089
v 0.191377 -0.967332 1.050709
v 0.470752 -2.252907 1.462164
v 0.322061 -1.474322 1.110855
v 0.146119 -0.520691 1.025064
v 0.636491 -2.441189 1.370733
v 0.738072 -2.469288 1.518208
v 0.622134 -2.405236 1.734856
v 0.571265 -2.347082 1.780679
v 0.511173 -2.480289 1.518208
v 0.527969 -2.455601 1.366062
v 0.482398 -2.400391 1.644683
v 0.680135 -2.673758 1.451361
v 0.753686 -2.699729 1.566809
v 0.688126 -2.680911 1.681447
v 0.595556 -2.586776 1.809408
v 0.540014 -2.709897 1.566809
v 0.573005 -2.687078 1.426183
v 0.509670 -2.650570 1.683709
v 0.708256 -2.995251 1.416157
v 0.776731 -3.059040 1.532528
v 0.712860 -2.901970 1.679272
v 0.635300 -3.049343 1.722665
v 0.588763 -3.066911 1.495401
v 0.637290 -3.004179 1.429627
v 0.562385 -3.058445 1.604911
v 0.718886 -3.248171 1.336543
v 0.799366 -3.179973 1.498665
v 0.745934 -3.248577 1.640800
v 0.668374 -3.362577 1.659869
v 0.594761 -3.375946 1.432306
v 0.634844 -3.317412 1.331053
v 0.585397 -3.371679 1.542115
v 0.725395 -3.314815 1.304004
v 0.803094 -3.263954 1.456590
v 0.753529 -3.430769 1.596765
v 0.674883 -3.444325 1.631197
v 0.589950 -3.390178 1.389178
v 0.641353 -3.331866 1.295427
v 0.563898 -3.431505 1.538439
v 0.737475 -3.357450 1.276745
v 0.819624 -3.437249 1.380877
v 0.764148 -3.610369 1.559839
v 0.685149 -3.491418 1.619731
v 0.563319 -3.453296 1.375733
v 0.651874 -3.366522 1.261186
v 0.562331 -3.471665 1.506124
v 0.814057 -3.453134 1.200172
v 0.821852 -3.576984 1.310488
v 0.761622 -3.685678 1.518717
v 0.661471 -3.689145 1.546911
v 0.559461 -3.500352 1.302054
v 0.651349 -3.382240 1.210258
v 0.549952 -3.653646 1.408515
v 0.792496 -3.482624 1.126175
v 0.644929 -3.438046 1.112588
v 0.759581 -3.533582 0.992202
v 0.644929 -3.536524 0.979039
v 0.759581 -3.632691 0.936390
v 0.662956 -3.635633 0.923227
v 0.759581 -3.694483 0.970276
v 0.662956 -3.697425 0.957113
v 0.766358 -3.712422 1.042034
v 0.662956 -3.715364 1.028870
v 0.804233 -3.712422 1.279234
v 0.573478 -3.713605 1.403272
v 0.759581 -3.704449 1.494331
v 0.655292 -3.707391 1.511243
v 0.585249 -3.712187 1.026633
v 0.550825 -3.647158 1.151790
v 0.580334 -3.710938 1.269437
v 0.584685 -3.709594 1.170327
v 0.838417 -3.587477 1.173051
v 0.819912 -3.600452 1.033279
v 0.814507 -3.576904 1.413770
v 0.793215 -3.460013 1.478578
v 0.811847 -3.651302 1.038253
v 0.759581 -3.662026 0.952477
v 0.784721 -3.659333 0.988197
v 0.809817 -3.711640 1.351652
v 0.776101 -3.703515 1.458001
v 0.831499 -3.646740 1.221084
v 0.581468 -3.709211 1.136729
v 0.551920 -3.654604 1.292902
v 0.616430 -3.675387 1.507799
v 0.591723 -3.644829 1.012325
v 0.651173 -3.199669 1.692528
v 0.601227 -3.184950 1.471737
v 0.712686 -3.145724 1.379316
v 0.573717 -3.212696 1.573988
v 0.636233 -3.139591 1.387013
v 0.311209 -3.535954 -2.594677
v 0.301732 -3.480837 -2.540999
v 0.288514 -3.401206 -2.320732
v 0.289154 -3.448629 -2.460306
v 0.286611 -3.454451 -2.367636
v 0.419120 -3.588349 -2.490343
v 0.410806 -3.586821 -2.202652
v 0.408411 -3.542947 -2.133715
v 0.489645 -3.505158 -2.197167
v 0.515101 -3.369291 -2.239116
v 0.500220 -3.465362 -2.213792
v 0.318259 -3.511331 -2.217057
v 0.364043 -3.529727 -2.128342
v 0.381398 -3.537923 -2.127887
v 0.251202 0.623844 1.300941
v 0.166863 -0.375520 2.521268
v 0.116696 0.395718 1.641430
v 0.144653 -1.852558 3.121285
v 0.158173 -1.036387 2.800053
v 0.104880 -2.337528 3.306299
v 0.105894 -2.630493 3.393897
v 0.100501 -2.861296 3.442958
v 0.127609 0.154830 1.988369
v 0.261085 0.769401 0.402291
v 0.269529 0.922804 -2.344229
v 0.332113 1.769868 -2.988595
v 0.313596 1.519697 -2.827128
v 0.357749 2.116783 -3.246836
v 0.254297 0.668974 1.048687
v 0.261633 0.809693 -1.840508
v 0.369040 2.269031 -3.317760
v 0.243249 0.771728 -0.076803
v 0.259967 0.778204 -1.210857
v 0.284449 1.126187 -2.603086
v 0.667815 0.330205 -1.116103
v 0.463027 1.294272 -3.154278
v 0.611253 0.354516 -0.076803
v 0.627971 0.358992 0.337052
v 0.477424 0.958767 -2.930679
v 0.530793 0.585256 -2.593436
v 0.619282 0.368570 -2.213360
v 0.580502 0.206317 1.253349
v 0.712629 0.257971 -1.712238
v 0.665134 0.248617 0.978033
v -0.470347 0.586815 -0.076803
v -0.575216 -0.575089 -0.258479
v -0.484007 0.648823 -1.210857
v -0.579541 -0.696743 -0.798085
v -0.540910 0.634789 -1.840508
v -0.579541 -0.788465 -1.329791
v -0.418692 1.061042 -2.603085
v -0.445329 0.838285 -2.344229
v -0.584805 -0.755309 -1.850963
v -0.591876 -0.636871 0.103179
v -0.486694 0.534368 1.300941
v -0.502774 0.604193 0.402291
v -0.508823 0.556881 1.048687
v -0.578361 -0.603082 -2.678328
v -0.765526 -0.787852 0.558355
v -0.410306 -0.048278 1.680242
v -0.676479 -0.360321 1.186805
v -0.363161 0.360377 1.571519
v -0.005414 0.861693 -0.076803
v -0.005414 -0.840061 -0.258479
v -0.005414 0.841434 -1.210857
v -0.005414 -0.888688 -0.669583
v -0.005414 0.883411 -1.840508
v -0.005414 -0.965645 -1.206124
v -0.005415 1.177248 -2.603085
v -0.005414 0.974361 -2.344229
v -0.005414 -0.986633 -1.742437
v -0.005414 -0.851794 0.088765
v -0.005414 0.663712 1.300941
v -0.005414 0.846483 0.402291
v -0.005414 0.717204 1.048687
v -0.005414 -0.913136 -2.568105
v -0.005414 -0.882034 0.664140
v -0.010656 -0.578465 1.260976
v -0.005078 0.404123 1.663819
v -0.755240 -0.066829 0.905734
v -0.700051 0.070733 0.260358
v -0.815422 -0.119159 -1.583861
v -0.703965 0.076694 -0.076803
v -0.567653 -0.204396 1.495025
v -0.702583 -0.156017 1.200785
v -0.806529 -0.039521 -1.006149
v -0.579542 0.074587 -2.583080
v -0.734574 -0.136107 -2.072750
v -0.419653 1.423850 -2.871091
v -0.394933 0.119389 -3.089905
v -0.005415 1.618955 -2.781599
v -0.005414 -0.294243 -3.382404
v -0.468189 0.453027 -2.995475
v -0.380995 0.803178 -3.527251
v -0.005415 0.596195 -3.787236
v -0.435546 1.191278 -3.379366
v -0.005415 1.285393 -4.247089
v -0.005415 1.656803 -4.943177
v -0.217531 1.423782 -4.245935
v -0.139114 1.680292 -4.915124
v -0.354165 1.638538 -4.242912
v -0.121980 1.804638 -4.964038
v -0.329442 1.809781 -4.239177
v -0.217531 1.933617 -4.135032
v -0.112634 1.869536 -4.936374
v -0.005415 2.005440 -4.235001
v -0.005415 1.911727 -4.983721
v -0.005415 1.156565 -4.065813
v -0.339715 1.361407 -3.942256
v -0.484457 1.600312 -3.928445
v -0.464864 1.812175 -3.846040
v -0.309213 2.053346 -3.919778
v -0.005415 2.145464 -3.918297
v -0.005415 0.877846 -3.897964
v -0.385142 1.171247 -3.797315
v -0.549821 1.538108 -3.695678
v -0.582288 1.754355 -3.527134
v -0.132925 2.279699 -3.687265
v -0.005415 2.261108 -3.717724
v -0.005414 -0.711954 -3.045545
v -0.520105 0.290585 -2.818458
v -0.451705 -0.466941 -2.900304
v -0.400795 1.719114 -3.042256
v -0.005415 1.839912 -2.914539
v -0.578595 2.058697 -3.220605
v -0.005415 2.163301 -3.267843
v -0.443529 2.284663 -3.299399
v -0.005415 2.244828 -3.346188
v -0.506259 1.620212 -3.275500
v -0.748749 2.407472 -3.295967
v -0.661024 3.067890 -3.388129
v -0.620113 3.054631 -3.425708
v -0.643931 2.981231 -3.413456
v -0.486029 2.438634 -3.453438
v -0.187767 1.895053 -4.631998
v -0.005415 1.922234 -4.631035
v -0.217531 1.534450 -4.615486
v -0.270299 1.702576 -4.632036
v -0.244367 1.815962 -4.636224
v -0.005415 1.448782 -4.612268
v -0.005415 1.778081 -5.013919
v -0.688708 2.990980 -3.403241
v -0.617820 2.872993 -3.397055
v -0.397264 2.802781 -3.483381
v -0.533540 2.637281 -3.311519
v -0.314625 -0.878645 -1.266847
v -0.330603 -0.346414 1.368462
v -0.273348 -0.578235 -2.966278
v -0.387611 -0.847034 -1.770208
v -0.145131 -0.757549 0.558355
v -0.196971 -0.681351 0.088765
v -0.287822 -0.743193 -2.803292
v -0.306820 -0.797316 -0.730754
v -0.305793 -0.690253 -0.258479
v -0.204923 0.631341 -3.707180
v -0.249900 1.036771 -3.908976
v -0.242479 -0.146820 -3.298528
v -0.547115 -1.148911 -2.401081
v -0.358120 -1.268379 -2.484258
v -0.569497 -1.275146 -1.885619
v -0.383293 -1.381427 -1.829598
v -0.690105 -0.681131 -2.254125
v -0.657936 -0.031953 -2.325026
v -0.519956 -1.666432 -2.378223
v -0.316349 -1.780457 -2.422122
v -0.495700 -1.748567 -1.969464
v -0.389660 -1.830098 -1.922268
v -0.502962 -2.557129 -2.372850
v -0.333086 -2.653718 -2.362853
v -0.482436 -2.619223 -2.030507
v -0.379723 -2.650397 -2.027158
v -0.489087 -3.264632 -2.410481
v -0.335471 -3.295264 -2.406097
v -0.457701 -3.428267 -2.129786
v -0.371866 -3.433042 -2.116826
v -0.621019 -1.197349 -2.203293
v -0.566769 -2.589282 -2.195604
v -0.582173 -1.707790 -2.172405
v -0.555740 -3.343522 -2.286888
v -0.655908 -0.936651 -2.228964
v -0.623854 -0.966253 -2.343698
v -0.592890 -0.832537 -2.561779
v -0.538986 -0.978073 -1.865814
v -0.317817 -0.963179 -2.656229
v -0.644027 -0.951406 -2.048321
v -0.165845 -0.849573 -2.233581
v -0.306771 -3.468882 -2.266201
v -0.191108 -0.909114 -2.214392
v -0.280485 -2.670644 -2.211842
v -0.211902 -1.338897 -2.150142
v -0.217736 -1.803989 -2.211187
v -0.685667 -0.800850 -2.248650
v -0.585969 -0.723239 -2.617296
v -0.561891 -0.866714 -1.858390
v -0.653458 -0.786382 -2.385234
v -0.674689 -0.816187 -2.151285
v -0.464036 -0.827784 -1.302347
v -0.459917 -0.805079 -1.813146
v -0.489033 -3.395392 -2.591827
v -0.375793 -3.401596 -2.563554
v -0.557530 -3.418923 -2.521907
v -0.487857 -3.468195 -2.711046
v -0.353346 -3.489566 -2.668023
v -0.559530 -3.502717 -2.617665
v -0.485860 -3.591825 -2.771495
v -0.347777 -3.591596 -2.760479
v -0.569934 -3.588739 -2.693354
v -0.545198 -3.585565 -2.267628
v -0.575264 -3.521391 -2.410326
v -0.561932 -3.500746 -2.293921
v -0.295403 -3.588156 -2.335330
v -0.315505 -3.589456 -2.510082
v -0.578964 -3.586908 -2.464640
v -0.301380 -0.019589 1.912969
v -0.246006 0.110126 1.961598
v -0.005078 0.195224 1.961598
v -0.360027 -0.430097 2.487521
v -0.005414 -0.322828 2.532937
v -0.377559 -1.216497 2.738901
v -0.005413 -0.826088 2.798190
v -0.355053 -1.949654 3.021256
v -0.005413 -1.826878 3.174765
v -0.283198 -2.497116 3.263832
v -0.005413 -2.164742 3.292783
v -0.237265 -2.622615 3.306815
v -0.005309 -2.635509 3.449334
v -0.136748 -2.856998 3.377296
v -0.005309 -2.878522 3.505324
v -0.148583 -2.940030 3.303527
v -0.005309 -3.052655 3.307091
v -0.228925 -2.820773 2.994586
v -0.005309 -2.942145 2.918298
v -0.470643 -2.336758 2.638123
v -0.004969 -2.538364 2.454478
v -0.445385 -1.690738 2.163904
v -0.004940 -1.607943 1.961902
v -0.408529 -0.555394 1.876860
v -0.004940 -0.857351 1.694148
v -0.005078 -0.180405 1.649740
v -0.325992 -0.203537 1.682952
v -0.584410 -0.949835 0.286267
v -0.778359 -1.191951 0.615590
v -0.662828 -1.087695 1.266268
v -0.383093 -0.777023 1.425697
v -0.197621 -1.188158 0.615590
v -0.249462 -0.924647 0.146000
v -0.594700 -1.492850 0.521769
v -0.731649 -1.651723 0.794294
v -0.661381 -1.451104 1.235636
v -0.375138 -1.380667 1.295394
v -0.355449 -1.634979 0.794294
v -0.387515 -1.587846 0.503825
v -0.599442 -1.888209 0.782376
v -0.737654 -1.967421 1.000012
v -0.650985 -1.848749 1.304713
v -0.438754 -1.749330 1.387353
v -0.414505 -1.945909 1.000012
v -0.439291 -1.909476 0.775484
v -0.625707 -2.277996 1.188214
v -0.743070 -2.306094 1.335689
v -0.660634 -2.181238 1.566860
v -0.560481 -2.183888 1.598160
v -0.500389 -2.317095 1.335689
v -0.517185 -2.292407 1.183543
v -0.372144 -1.829143 1.230089
v -0.202205 -0.967332 1.050709
v -0.481579 -2.252908 1.462164
v -0.332888 -1.474322 1.110855
v -0.156946 -0.520691 1.025064
v -0.647318 -2.441190 1.370733
v -0.748899 -2.469288 1.518208
v -0.632961 -2.405236 1.734856
v -0.582092 -2.347082 1.780679
v -0.522000 -2.480289 1.518208
v -0.538796 -2.455601 1.366063
v -0.493225 -2.400392 1.644683
v -0.690962 -2.673758 1.451362
v -0.764513 -2.699729 1.566810
v -0.698952 -2.680912 1.681447
v -0.606383 -2.586776 1.809408
v -0.550840 -2.709897 1.566810
v -0.583832 -2.687079 1.426184
v -0.520497 -2.650570 1.683709
v -0.719082 -2.995251 1.416157
v -0.787557 -3.059040 1.532528
v -0.723687 -2.901971 1.679272
v -0.646126 -3.049344 1.722665
v -0.599590 -3.066911 1.495402
v -0.648116 -3.004179 1.429628
v -0.573212 -3.058446 1.604912
v -0.729712 -3.248171 1.336543
v -0.810192 -3.179973 1.498665
v -0.756760 -3.248577 1.640800
v -0.679200 -3.362577 1.659869
v -0.605587 -3.375946 1.432306
v -0.645671 -3.317412 1.331053
v -0.596223 -3.371679 1.542115
v -0.736221 -3.314816 1.304005
v -0.813920 -3.263954 1.456590
v -0.764355 -3.430769 1.596765
v -0.685709 -3.444325 1.631198
v -0.600776 -3.390178 1.389179
v -0.652179 -3.331867 1.295427
v -0.574724 -3.431506 1.538439
v -0.748301 -3.357450 1.276746
v -0.830450 -3.437249 1.380877
v -0.774974 -3.610369 1.559839
v -0.695975 -3.491418 1.619732
v -0.574145 -3.453296 1.375734
v -0.662701 -3.366522 1.261186
v -0.573157 -3.471665 1.506125
v -0.824883 -3.453134 1.200172
v -0.832679 -3.576984 1.310488
v -0.772448 -3.685678 1.518718
v -0.672297 -3.689145 1.546911
v -0.570287 -3.500352 1.302054
v -0.662175 -3.382240 1.210259
v -0.560778 -3.653646 1.408515
v -0.803322 -3.482624 1.126175
v -0.655755 -3.438046 1.112588
v -0.770407 -3.533582 0.992203
v -0.655755 -3.536524 0.979039
v -0.770407 -3.632691 0.936391
v -0.673782 -3.635633 0.923227
v -0.770407 -3.694483 0.970277
v -0.673782 -3.697425 0.957113
v -0.777184 -3.712423 1.042034
v -0.673782 -3.715365 1.028871
v -0.815059 -3.712423 1.279234
v -0.584304 -3.713605 1.403272
v -0.770407 -3.704449 1.494331
v -0.666118 -3.707392 1.511244
v -0.596075 -3.712187 1.026633
v -0.561651 -3.647158 1.151790
v -0.591160 -3.710938 1.269437
v -0.595511 -3.709594 1.170328
v -0.849243 -3.587478 1.173051
v -0.830738 -3.600452 1.033279
v -0.825333 -3.576904 1.413771
v -0.804041 -3.460013 1.478578
v -0.822674 -3.651302 1.038253
v -0.770407 -3.662026 0.952478
v -0.795547 -3.659333 0.988197
v -0.820644 -3.711640 1.351652
v -0.786927 -3.703516 1.458001
v -0.842325 -3.646740 1.221084
v -0.592294 -3.709211 1.136730
v -0.562747 -3.654604 1.292903
v -0.627256 -3.675388 1.507799
v -0.602550 -3.644829 1.012325
v -0.661999 -3.199670 1.692528
v -0.612053 -3.184950 1.471737
v -0.723512 -3.145724 1.379316
v -0.584543 -3.212696 1.573988
v -0.647059 -3.139591 1.387013
v -0.322037 -3.535954 -2.594677
v -0.312559 -3.480837 -2.540999
v -0.299342 -3.401206 -2.320732
v -0.299981 -3.448629 -2.460305
v -0.297438 -3.454452 -2.367636
v -0.429947 -3.588349 -2.490343
v -0.421633 -3.586821 -2.202652
v -0.419238 -3.542947 -2.133715
v -0.500472 -3.505158 -2.197167
v -0.525929 -3.369291 -2.239116
v -0.511048 -3.465362 -2.213791
v -0.329087 -3.511331 -2.217057
v -0.374870 -3.529728 -2.128342
v -0.392225 -3.537923 -2.127887
v -0.262029 0.623844 1.300941
v -0.228605 -0.375520 2.521268
v -0.126852 0.395718 1.641430
v -0.155480 -1.852558 3.121285
v -0.219915 -1.036387 2.800053
v -0.115499 -2.337528 3.306299
v -0.116512 -2.630493 3.393897
v -0.111119 -2.861296 3.442958
v -0.137765 0.154830 1.988369
v -0.271913 0.769401 0.402291
v -0.280358 0.922804 -2.344229
v -0.342942 1.769868 -2.988595
v -0.324425 1.519696 -2.827127
v -0.368578 2.116783 -3.246836
v -0.265125 0.668974 1.048687
v -0.272461 0.809693 -1.840508
v -0.379870 2.269031 -3.317760
v -0.254078 0.771728 -0.076803
v -0.270796 0.778204 -1.210857
v -0.295279 1.126187 -2.603085
v -0.678643 0.330205 -1.116102
v -0.473856 1.294272 -3.154277
v -0.622081 0.354515 -0.076803
v -0.638799 0.358992 0.337052
v -0.488253 0.958767 -2.930679
v -0.541622 0.585255 -2.593436
v -0.630111 0.368570 -2.213360
v -0.591330 0.206317 1.253350
v -0.723457 0.257971 -1.712238
v -0.675961 0.248616 0.978033
vn 0.8475 0.5294 0.0392
vn 0.8882 0.4541 0.0701
vn 0.9331 0.3581 -0.0324
vn 0.9610 0.2507 0.1168
vn 0.9782 -0.0786 0.1921
vn 0.9261 -0.0588 -0.3728
vn 0.9821 -0.1731 -0.0748
vn 0.8565 0.1988 0.4763
vn 0.9591 0.2827 0.0161
vn 0.9481 -0.2820 -0.1470
vn 0.9754 0.2171 -0.0371
vn 0.9482 -0.3123 0.0576
vn 0.9555 0.1880 0.2274
vn 0.9083 -0.1430 0.3930
vn 0.9642 -0.2281 0.1349
vn 0.3871 -0.9057 -0.1726
vn 0.3550 -0.9332 -0.0558
vn 0.3496 -0.9255 0.1455
vn 0.4635 0.1720 0.8693
vn 0.5456 0.8375 0.0306
vn 0.8680 -0.2660 -0.4194
vn 0.3702 0.7226 0.5837
vn 0.9914 0.0257 -0.1284
vn 0.2938 0.7377 0.6078
vn 0.6491 0.7591 0.0493
vn 0.3676 0.9229 0.1146
vn 0.4171 0.9067 0.0625
vn 0.5314 0.8157 0.2287
vn 0.3830 -0.9005 0.2061
vn -0.3158 0.9405 0.1250
vn 0.5806 0.8113 -0.0687
vn 0.9586 0.0164 -0.2844
vn 0.9832 0.1284 0.1294
vn 0.2990 0.5665 0.7679
vn 0.2252 -0.8979 -0.3783
vn 0.8831 0.0638 -0.4648
vn 0.9583 -0.1399 -0.2492
vn 0.5014 -0.3581 -0.7877
vn 0.5131 -0.7835 -0.3506
vn 0.8341 -0.5284 -0.1583
vn 0.9719 0.1444 -0.1857
vn 0.6965 0.7109 -0.0969
vn 0.3586 0.9288 -0.0935
vn 0.6247 0.7493 -0.2197
vn 0.7754 -0.4877 -0.4012
vn 0.2403 0.8012 -0.5480
vn 0.4717 -0.7187 -0.5108
vn 0.9206 0.1409 -0.3643
vn 0.0259 -0.1087 -0.9937
vn 0.8485 0.4786 -0.2257
vn 0.8072 -0.2095 -0.5518
vn 0.2335 0.7793 -0.5816
vn 0.9591 0.1752 -0.2225
vn 0.9177 -0.3864 -0.0922
vn 0.7827 -0.3739 -0.4976
vn 0.4776 -0.5515 -0.6839
vn 0.9167 -0.0398 -0.3976
vn 0.9621 -0.2028 0.1826
vn 0.9688 -0.2255 0.1027
vn 0.6834 0.3983 0.6118
vn 0.6891 0.0196 0.7244
vn -0.0324 0.3118 0.9496
vn -0.3011 0.9164 0.2637
vn 0.9187 0.2404 0.3135
vn 0.9850 -0.1370 -0.1050
vn 0.8579 -0.2007 0.4730
vn -0.5636 0.3247 0.7596
vn -0.7727 0.1500 0.6168
vn 0.2799 -0.0107 -0.9600
vn 0.9783 0.1527 -0.1398
vn 0.4933 0.1615 -0.8547
vn 0.5321 0.0603 -0.8445
vn 0.9163 0.1967 -0.3489
vn 0.7830 0.5733 -0.2413
vn 0.3220 -0.8154 -0.4811
vn 0.3766 0.9260 -0.0276
vn 0.9078 -0.0392 -0.4176
vn 0.2782 0.4103 -0.8685
vn 0.2485 -0.3247 -0.9126
vn -0.1170 0.2639 0.9574
vn 0.1354 0.1926 0.9719
vn 0.9258 -0.2193 0.3078
vn 0.5050 -0.0837 -0.8591
vn 0.1642 0.2468 -0.9551
vn 0.2946 -0.9442 0.1475
vn 0.5696 -0.5518 -0.6091
vn 0.4405 -0.8833 0.1607
vn 0.7011 -0.6428 0.3085
vn 0.3224 -0.9230 0.2099
vn 0.3425 -0.9395 -0.0093
vn 0.6343 -0.7731 -0.0085
vn 0.6640 -0.7462 -0.0478
vn 0.8890 -0.1786 -0.4217
vn 0.2562 -0.4533 -0.8537
vn 0.5527 -0.4833 -0.6789
vn 0.4975 -0.4342 -0.7510
vn 0.4222 -0.0819 0.9028
vn 0.9662 -0.0158 -0.2574
vn 0.9677 0.0205 -0.2511
vn 0.9588 0.0945 0.2678
vn 0.9937 -0.0319 0.1070
vn 0.9874 -0.0664 0.1439
vn 0.3938 -0.2195 0.8926
vn 0.4349 -0.0625 -0.8983
vn 0.9215 -0.0263 0.3874
vn 0.4496 -0.0693 0.8905
vn 0.2161 -0.0100 -0.9763
vn 0.8633 -0.0731 0.4993
vn 0.0698 -0.1236 0.9899
vn -0.0896 0.0547 -0.9945
vn 0.9481 -0.0906 -0.3048
vn 0.8903 0.0419 -0.4534
vn 0.9404 -0.0075 -0.3399
vn 0.9615 -0.1513 -0.2296
vn 0.4742 -0.4523 -0.7554
vn 0.8619 0.0549 0.5041
vn 0.9815 -0.1849 0.0495
vn 0.9904 -0.1271 0.0548
vn 0.9086 -0.2861 -0.3044
vn -0.9218 -0.2944 -0.2523
vn -0.9368 -0.2573 -0.2372
vn -0.8599 -0.0770 0.5047
vn -0.8762 -0.0638 0.4778
vn -0.9100 -0.0579 0.4105
vn -0.9398 -0.0678 -0.3350
vn -0.8760 -0.2362 0.4205
vn -0.9331 0.0293 -0.3585
vn -0.9152 0.0159 0.4027
vn -0.9069 0.0436 -0.4191
vn 0.9267 0.0709 0.3691
vn 0.9711 -0.0467 -0.2340
vn 0.9490 -0.0929 -0.3013
vn 0.9458 -0.2124 -0.2455
vn 0.4823 -0.8750 -0.0428
vn 0.8588 0.4897 -0.1506
vn -0.1750 0.7946 -0.5814
vn 0.6782 0.5600 -0.4759
vn -0.1938 0.7705 -0.6072
vn 0.7765 0.4666 -0.4235
vn -0.3239 0.6449 -0.6922
vn 0.9905 0.1331 -0.0352
vn 0.9928 0.0995 -0.0664
vn 0.9789 -0.1501 0.1387
vn 0.8720 0.4671 0.1463
vn 0.8460 0.0095 0.5331
vn 0.8441 -0.0003 0.5362
vn 0.6653 -0.2473 0.7045
vn 0.2827 -0.8047 0.5220
vn 0.0080 -0.9999 0.0096
vn -0.9153 -0.0152 0.4025
vn -0.7866 0.5451 -0.2900
vn 0.0083 -0.9999 0.0082
vn -0.8242 0.3485 -0.4464
vn -0.9945 0.0386 0.0970
vn -0.9911 -0.0691 -0.1135
vn -0.9887 -0.0797 -0.1267
vn 0.9826 0.1760 0.0589
vn 0.1600 0.8081 0.5669
vn 0.8912 0.2098 0.4023
vn 0.0896 0.7378 0.6690
vn 0.1985 0.4570 0.8670
vn 0.4043 0.3221 0.8560
vn 0.3657 0.3069 0.8787
vn 0.3537 0.2952 0.8875
vn 0.4326 0.1778 0.8839
vn 0.9704 0.1862 0.1541
vn 0.7325 -0.6139 0.2942
vn 0.9566 -0.2569 0.1375
vn 0.5882 -0.7779 -0.2211
vn 0.9229 -0.3203 0.2139
vn 0.5344 -0.6377 -0.5548
vn 0.4883 -0.4922 -0.7206
vn 0.3566 -0.3139 -0.8800
vn 0.9949 0.0001 0.1006
vn 0.9951 0.0647 0.0748
vn -0.0939 -0.9011 0.4234
vn 0.3147 -0.8679 0.3844
vn 0.9276 0.3310 0.1734
vn 0.9854 0.1610 0.0547
vn 0.6012 -0.3293 -0.7281
vn 0.0852 -0.0652 -0.9942
vn 0.3296 -0.3942 -0.8579
vn -0.8931 -0.3429 -0.2910
vn -0.9596 -0.2412 -0.1451
vn 0.9898 -0.0030 0.1423
vn -0.9926 -0.0963 0.0740
vn 0.0599 -0.2163 -0.9745
vn 0.2610 0.2758 0.9251
vn -0.9934 -0.1142 -0.0128
vn 0.9839 -0.0189 0.1777
vn -0.9639 -0.2332 0.1285
vn 0.3029 -0.2049 0.9307
vn 0.7386 -0.2564 -0.6235
vn 0.9594 0.2062 0.1926
vn 0.1243 -0.7116 -0.6915
vn 0.7223 -0.3745 -0.5813
vn -0.9484 -0.2794 -0.1500
vn 0.3079 -0.5211 -0.7961
vn 0.9877 0.0014 0.1566
vn 0.2325 0.5650 0.7917
vn -0.9810 -0.1870 -0.0510
vn -0.9638 -0.2629 -0.0441
vn 0.5055 0.4871 0.7122
vn 0.5892 -0.5634 -0.5792
vn -0.9203 -0.3572 -0.1596
vn -0.9275 -0.2017 0.3147
vn -0.9172 -0.0189 0.3980
vn -0.9250 0.0250 0.3791
vn -0.8859 -0.0634 0.4595
vn 0.8897 0.1281 0.4382
vn 0.0732 -0.2373 -0.9687
vn 0.5886 -0.5668 -0.5764
vn -0.9434 -0.2949 -0.1520
vn 0.1260 -0.7321 -0.6695
vn 0.9459 0.2563 0.1989
vn -0.8773 0.3444 0.3342
vn -0.9474 -0.1948 -0.2539
vn 0.8492 0.1303 -0.5117
vn -0.9814 -0.1291 -0.1417
vn -0.8337 -0.0183 0.5520
vn 0.7522 0.1530 0.6409
vn 0.8187 -0.0448 -0.5725
vn -0.9639 -0.2246 -0.1429
vn -0.8275 -0.1931 0.5273
vn -0.9723 -0.0249 -0.2323
vn 0.2245 0.0349 -0.9738
vn 0.8708 0.0927 0.4828
vn -0.9741 -0.0854 -0.2095
vn -0.7667 -0.1814 0.6159
vn 0.8368 0.0883 0.5404
vn -0.2728 0.4005 -0.8748
vn -0.8712 0.4868 -0.0635
vn 0.5458 -0.0408 0.8369
vn 0.8846 0.1353 -0.4463
vn -0.8608 0.1589 -0.4835
vn -0.2139 0.2948 -0.9313
vn 0.9342 0.0499 0.3532
vn 0.8060 0.2999 -0.5104
vn 0.4162 -0.1284 0.9001
vn 0.9467 -0.1097 0.3029
vn -0.9352 0.3418 -0.0930
vn -0.7793 -0.2617 0.5694
vn 0.4842 -0.1864 0.8549
vn 0.7997 0.2970 -0.5219
vn -0.9978 0.0669 0.0019
vn 0.9459 -0.0075 0.3244
vn -0.9016 0.1330 -0.4116
vn -0.0667 0.6910 -0.7198
vn 0.9485 -0.0123 0.3165
vn -0.9808 0.1439 -0.1313
vn -0.6304 -0.3106 0.7114
vn 0.1362 -0.9277 -0.3477
vn -0.1697 -0.6614 -0.7306
vn -0.8332 -0.0249 0.5524
vn 0.1587 -0.3579 0.9202
vn 0.9989 0.0329 -0.0337
vn -0.8289 0.4901 -0.2696
vn -0.0477 0.9546 -0.2941
vn 0.3377 0.8364 -0.4317
vn 0.2985 0.8654 -0.4025
vn 0.0871 0.4888 -0.8680
vn 0.1329 -0.4766 -0.8690
vn 0.0625 -0.9683 -0.2421
vn 0.0290 -0.9996 -0.0046
vn 0.0282 -0.9987 0.0429
vn 0.1195 -0.7916 0.5993
vn 0.9819 0.1566 0.1064
vn 0.9634 0.0275 0.2668
vn 0.9285 0.3377 -0.1543
vn 0.7509 0.3240 -0.5754
vn 0.7920 -0.2936 -0.5353
vn 0.8425 -0.4985 -0.2042
vn 0.8654 -0.4816 -0.1382
vn 0.9000 -0.4310 -0.0648
vn 0.2452 -0.9656 0.0867
vn -0.8456 0.4855 -0.2218
vn -0.8976 0.3549 -0.2617
vn -0.7768 -0.0585 -0.6271
vn -0.5696 -0.3952 -0.7206
vn -0.0327 -0.9696 -0.2424
vn -0.8725 -0.4865 -0.0449
vn -0.8955 -0.4448 -0.0165
vn -0.8983 -0.4390 -0.0190
vn -0.1061 -0.9942 -0.0181
vn -0.8101 -0.3584 0.4639
vn -0.9311 -0.3605 -0.0549
vn 0.9345 -0.1753 0.3097
vn 0.8764 -0.1826 -0.4456
vn 0.9757 -0.1950 -0.1000
vn 0.9914 -0.0816 0.1021
vn 0.7920 -0.2935 -0.5353
vn -0.0416 -0.9988 0.0256
vn -0.8947 -0.4465 -0.0115
vn -0.9988 0.0482 0.0103
vn -0.9986 0.0498 -0.0174
vn -0.5922 -0.6711 0.4459
vn -0.7756 0.1967 -0.5998
vn -0.9592 0.0326 -0.2807
vn 0.8148 0.2647 -0.5158
vn -0.8109 -0.1962 0.5514
vn -0.9381 0.1107 -0.3283
vn -0.9643 -0.0179 -0.2643
vn -0.0623 0.3813 -0.9223
vn 0.4199 -0.1356 0.8974
vn 0.7455 0.6616 -0.0811
vn -0.9896 -0.0635 -0.1289
vn -0.9663 0.1886 -0.1749
vn -0.9917 -0.0594 -0.1141
vn -0.9732 0.2296 -0.0123
vn -0.9362 0.2627 -0.2335
vn -0.5762 -0.6006 0.5543
vn 0.0048 -1.0000 0.0054
vn 0.0213 -0.9996 0.0166
vn -0.0414 -0.8436 0.5354
vn -0.8925 -0.0806 0.4439
vn -0.9365 -0.1048 0.3347
vn -0.0828 -0.1204 0.9893
vn 0.1989 -0.0645 0.9779
vn -0.4023 -0.8306 0.3850
vn 0.8354 -0.3390 0.4328
vn 0.6235 -0.2522 0.7400
vn 0.5425 0.2602 0.7987
vn 0.4253 0.6570 0.6225
vn 0.4676 0.2547 0.8464
vn 0.3040 0.3669 0.8792
vn 0.2851 0.7655 0.5768
vn 0.5834 0.0038 0.8122
vn 0.1610 0.8028 0.5741
vn 0.5144 0.3067 0.8008
vn 0.1804 0.9716 0.1529
vn 0.0860 0.4881 0.8685
vn 0.2867 0.5583 0.7785
vn 0.2598 0.9413 0.2154
vn 0.2778 0.9606 -0.0057
vn 0.3402 0.9402 -0.0168
vn 0.0016 0.4222 0.9065
vn 0.1451 0.7739 0.6164
vn 0.2744 0.5071 0.8171
vn 0.1511 0.9727 0.1759
vn 0.2315 0.9716 0.0492
vn 0.9672 0.2503 0.0424
vn 0.8631 0.4992 -0.0765
vn 0.9882 -0.0534 -0.1438
vn 0.9599 0.2506 0.1256
vn 0.9515 0.2877 0.1091
vn 0.9760 0.1613 -0.1462
vn 0.9623 0.1330 -0.2374
vn 0.8813 0.4718 0.0263
vn 0.9401 0.3381 0.0433
vn -0.8368 0.5466 0.0328
vn -0.8532 0.5215 0.0010
vn -0.9074 0.4131 -0.0779
vn -0.9314 0.3638 -0.0095
vn -0.9782 -0.0786 0.1921
vn -0.9261 -0.0588 -0.3728
vn -0.9821 -0.1731 -0.0748
vn -0.8561 0.1985 0.4773
vn -0.9591 0.2827 0.0161
vn -0.9417 -0.3364 -0.0119
vn -0.9754 0.2171 -0.0371
vn -0.9490 -0.3108 0.0536
vn -0.9555 0.1880 0.2274
vn -0.9083 -0.1430 0.3930
vn -0.9642 -0.2281 0.1349
vn -0.1096 -0.9922 0.0598
vn -0.3124 -0.9489 -0.0447
vn -0.3496 -0.9255 0.1455
vn -0.4635 0.1720 0.8693
vn -0.5456 0.8375 0.0306
vn -0.8446 -0.0487 -0.5332
vn -0.3785 0.7171 0.5852
vn -0.9746 0.0865 -0.2065
vn -0.2937 0.7374 0.6083
vn -0.5187 0.8548 0.0125
vn -0.4121 0.8960 0.1654
vn -0.5769 0.8062 0.1313
vn -0.4465 0.8715 0.2027
vn -0.3847 -0.9000 0.2049
vn 0.3709 0.9143 0.1627
vn -0.6497 0.7599 -0.0205
vn -0.9627 -0.1529 0.2233
vn -0.9832 0.1284 0.1294
vn -0.2990 0.5665 0.7679
vn -0.2252 -0.8979 -0.3783
vn -0.8831 0.0638 -0.4648
vn -0.9583 -0.1399 -0.2492
vn -0.5014 -0.3581 -0.7877
vn -0.5131 -0.7835 -0.3506
vn -0.8341 -0.5284 -0.1583
vn -0.9719 0.1444 -0.1857
vn -0.7984 0.5800 -0.1620
vn -0.3586 0.9288 -0.0935
vn -0.6247 0.7493 -0.2197
vn -0.7720 -0.4854 -0.4103
vn -0.4474 0.8180 -0.3616
vn -0.4717 -0.7187 -0.5108
vn -0.9206 0.1409 -0.3643
vn -0.0262 -0.1091 -0.9937
vn -0.8485 0.4786 -0.2257
vn -0.8092 -0.4699 -0.3528
vn -0.2335 0.7793 -0.5816
vn -0.9591 0.1752 -0.2225
vn -0.9888 -0.0953 -0.1147
vn -0.8127 -0.3294 -0.4807
vn -0.4776 -0.5515 -0.6839
vn -0.9167 -0.0398 -0.3976
vn -0.9621 -0.2028 0.1826
vn -0.9688 -0.2255 0.1027
vn -0.6834 0.3983 0.6118
vn -0.6891 0.0196 0.7244
vn 0.0324 0.3118 0.9496
vn 0.3011 0.9164 0.2637
vn -0.9187 0.2404 0.3135
vn -0.9798 -0.0236 0.1984
vn -0.8579 -0.2007 0.4730
vn 0.5636 0.3247 0.7596
vn 0.7727 0.1500 0.6168
vn -0.2799 -0.0107 -0.9600
vn -0.9783 0.1527 -0.1398
vn -0.4933 0.1615 -0.8547
vn -0.5321 0.0603 -0.8445
vn -0.9163 0.1967 -0.3489
vn -0.7830 0.5733 -0.2413
vn -0.3220 -0.8154 -0.4811
vn -0.1458 0.9822 -0.1183
vn -0.8715 -0.3109 -0.3794
vn -0.4596 0.1957 -0.8663
vn -0.4360 -0.4534 -0.7774
vn 0.1170 0.2639 0.9574
vn -0.1354 0.1926 0.9719
vn -0.9298 -0.2274 0.2895
vn -0.5050 -0.0837 -0.8591
vn -0.1642 0.2468 -0.9551
vn -0.3124 -0.9403 0.1349
vn -0.5696 -0.5518 -0.6091
vn -0.6645 -0.7468 -0.0252
vn -0.7314 -0.6104 0.3041
vn -0.4438 -0.8899 0.1053
vn -0.2775 -0.9600 0.0376
vn -0.5014 -0.8618 -0.0767
vn -0.6477 -0.7609 -0.0400
vn -0.8097 -0.3044 -0.5017
vn -0.4011 -0.3352 -0.8525
vn -0.8526 -0.0842 -0.5157
vn -0.5105 -0.3635 -0.7793
vn -0.4222 -0.0819 0.9028
vn -0.9662 -0.0158 -0.2574
vn -0.9677 0.0205 -0.2511
vn -0.9588 0.0945 0.2678
vn -0.9937 -0.0319 0.1070
vn -0.9147 -0.2043 0.3487
vn -0.3938 -0.2195 0.8926
vn -0.4349 -0.0625 -0.8983
vn -0.8929 -0.0450 0.4479
vn -0.4496 -0.0693 0.8905
vn -0.2161 -0.0100 -0.9763
vn -0.8633 -0.0731 0.4993
vn -0.0698 -0.1236 0.9899
vn 0.0896 0.0547 -0.9945
vn -0.9481 -0.0906 -0.3048
vn -0.8903 0.0419 -0.4534
vn -0.9404 -0.0075 -0.3399
vn -0.8857 -0.2490 -0.3919
vn -0.4742 -0.4523 -0.7554
vn -0.8619 0.0549 0.5041
vn -0.9761 -0.2026 0.0781
vn -0.9790 -0.1660 0.1181
vn -0.9086 -0.2861 -0.3044
vn 0.8777 -0.4363 -0.1983
vn 0.9025 -0.1061 -0.4174
vn 0.8826 -0.1071 0.4577
vn 0.8602 -0.0544 0.5070
vn 0.8779 -0.0458 0.4767
vn 0.9398 -0.0678 -0.3350
vn 0.8760 -0.2362 0.4205
vn 0.9449 0.0243 -0.3264
vn 0.8834 -0.0447 0.4664
vn 0.9069 0.0436 -0.4191
vn -0.9267 0.0709 0.3691
vn -0.9711 -0.0467 -0.2340
vn -0.9395 -0.2160 -0.2658
vn -0.9458 -0.2124 -0.2455
vn -0.3194 -0.9475 -0.0132
vn -0.8588 0.4897 -0.1506
vn 0.1871 0.7968 -0.5745
vn -0.6782 0.5600 -0.4759
vn 0.2889 0.8183 -0.4969
vn -0.7765 0.4666 -0.4235
vn 0.0707 0.4391 -0.8957
vn -0.9936 0.0343 0.1077
vn -0.9928 0.0995 -0.0664
vn -0.9789 -0.1501 0.1387
vn -0.9918 0.1102 -0.0653
vn -0.8460 0.0095 0.5331
vn -0.8441 -0.0003 0.5362
vn -0.1534 -0.0852 0.9845
vn -0.2827 -0.8047 0.5220
vn 0.0007 -0.9999 0.0122
vn 0.9153 -0.0152 0.4025
vn 0.9396 0.1418 -0.3115
vn -0.0083 -0.9999 0.0082
vn 0.7810 0.5285 -0.3327
vn 0.9955 -0.0401 0.0859
vn 0.9911 -0.0691 -0.1135
vn 0.9887 -0.0797 -0.1267
vn -0.9906 0.1368 -0.0034
vn -0.1600 0.8081 0.5669
vn -0.8912 0.2098 0.4023
vn -0.0896 0.7379 0.6690
vn -0.1545 0.4607 0.8740
vn -0.3195 0.3337 0.8869
vn -0.3657 0.3069 0.8787
vn -0.3541 0.2950 0.8874
vn -0.4737 0.1977 0.8582
vn -0.9578 0.0016 0.2873
vn -0.5359 -0.6653 0.5197
vn -0.8731 -0.2483 0.4195
vn -0.5997 -0.7698 -0.2188
vn -0.9434 -0.2907 0.1593
vn -0.5351 -0.6370 -0.5549
vn -0.3025 -0.4460 -0.8424
vn -0.3460 -0.3152 -0.8837
vn -0.9941 0.0111 0.1081
vn -0.9965 0.0446 0.0700
vn -0.2556 -0.6737 0.6934
vn -0.2306 -0.8330 0.5028
vn -0.9284 0.3406 0.1486
vn -0.9698 0.2425 0.0273
vn -0.5669 -0.2916 -0.7704
vn -0.0981 -0.0652 -0.9930
vn -0.2518 -0.3811 -0.8896
vn 0.8931 -0.3429 -0.2910
vn 0.9596 -0.2412 -0.1451
vn -0.9898 -0.0030 0.1423
vn 0.9914 -0.1119 0.0672
vn -0.3062 -0.4861 -0.8185
vn -0.2610 0.2758 0.9251
vn 0.9718 -0.2268 -0.0638
vn -0.9839 -0.0189 0.1777
vn 0.9497 -0.3014 0.0853
vn -0.3029 -0.2049 0.9307
vn -0.7727 -0.2966 -0.5612
vn -0.9515 0.2070 0.2275
vn -0.1243 -0.7116 -0.6915
vn -0.7169 -0.3710 -0.5903
vn 0.9484 -0.2794 -0.1500
vn -0.3079 -0.5211 -0.7961
vn -0.9877 0.0014 0.1566
vn -0.8236 0.4678 0.3207
vn 0.9810 -0.1870 -0.0510
vn 0.9638 -0.2629 -0.0441
vn -0.5055 0.4871 0.7122
vn -0.5910 -0.5631 -0.5776
vn 0.9203 -0.3572 -0.1596
vn 0.9275 -0.2017 0.3147
vn 0.8652 0.0009 0.5015
vn 0.9250 0.0250 0.3791
vn 0.8859 -0.0634 0.4595
vn -0.8897 0.1281 0.4382
vn -0.2522 -0.2744 -0.9280
vn -0.6175 -0.5765 -0.5352
vn 0.9434 -0.2949 -0.1520
vn -0.1260 -0.7321 -0.6695
vn -0.8871 0.2017 0.4151
vn 0.8773 0.3444 0.3342
vn 0.9474 -0.1948 -0.2539
vn -0.8806 0.1007 -0.4630
vn 0.9723 -0.1585 -0.1719
vn 0.8252 -0.0019 0.5648
vn -0.7522 0.1530 0.6409
vn -0.8359 -0.0585 -0.5457
vn 0.9639 -0.2246 -0.1429
vn 0.8162 -0.1706 0.5520
vn 0.9613 -0.0471 -0.2714
vn 0.1966 0.0897 -0.9764
vn -0.8708 0.0927 0.4828
vn 0.9700 -0.0871 -0.2269
vn 0.8243 -0.2082 0.5265
vn -0.6159 -0.0938 0.7823
vn 0.2728 0.4005 -0.8748
vn 0.9004 0.3203 -0.2945
vn -0.4199 -0.1356 0.8974
vn -0.8116 0.2934 -0.5052
vn 0.8608 0.1589 -0.4835
vn 0.0787 0.2349 -0.9688
vn -0.9342 0.0499 0.3532
vn -0.8060 0.2999 -0.5104
vn -0.4162 -0.1284 0.9001
vn -0.9538 -0.0324 0.2987
vn 0.9038 0.4261 -0.0398
vn 0.6193 0.1755 0.7653
vn -0.4248 -0.2693 0.8643
vn -0.7997 0.2970 -0.5219
vn 0.9976 0.0680 0.0088
vn -0.9413 -0.1856 0.2820
vn 0.9016 0.1330 -0.4116
vn -0.0915 0.5547 -0.8270
vn -0.9485 -0.0123 0.3165
vn 0.9239 0.3799 0.0465
vn 0.6399 -0.4664 0.6107
vn -0.0620 -0.7517 -0.6566
vn 0.1697 -0.6614 -0.7306
vn 0.8332 -0.0249 0.5524
vn -0.1587 -0.3579 0.9202
vn -0.9989 0.0329 -0.0337
vn 0.8344 0.5290 -0.1546
vn -0.2772 0.7257 -0.6297
vn -0.3377 0.8364 -0.4317
vn -0.2985 0.8654 -0.4025
vn -0.0871 0.4888 -0.8680
vn -0.1329 -0.4766 -0.8690
vn -0.0590 -0.9671 -0.2473
vn -0.0290 -0.9996 -0.0046
vn -0.0282 -0.9987 0.0429
vn -0.1195 -0.7916 0.5993
vn -0.9037 0.2360 -0.3574
vn -0.9973 -0.0198 0.0709
vn -0.7909 0.4816 -0.3775
vn -0.7509 0.3240 -0.5754
vn -0.8607 -0.1397 -0.4895
vn -0.8425 -0.4985 -0.2042
vn -0.7981 -0.5984 -0.0709
vn -0.9000 -0.4310 -0.0648
vn -0.2452 -0.9656 0.0867
vn 0.8923 0.3475 -0.2882
vn 0.8963 0.3614 -0.2568
vn 0.7768 -0.0585 -0.6271
vn 0.5696 -0.3952 -0.7206
vn 0.0327 -0.9696 -0.2424
vn 0.8860 -0.4568 0.0796
vn 0.8955 -0.4448 -0.0165
vn 0.8983 -0.4390 -0.0190
vn 0.1300 -0.9912 -0.0264
vn 0.8101 -0.3584 0.4639
vn 0.9311 -0.3605 -0.0549
vn -0.9345 -0.1753 0.3097
vn -0.8764 -0.1826 -0.4456
vn -0.9794 -0.1665 -0.1142
vn -0.9911 -0.0509 0.1233
vn -0.7920 -0.2935 -0.5353
vn 0.0416 -0.9988 0.0256
vn 0.8947 -0.4465 -0.0115
vn 0.9988 0.0482 0.0103
vn 0.9986 0.0498 -0.0174
vn 0.5828 -0.6561 0.4794
vn 0.7756 0.1967 -0.5998
vn 0.9592 0.0326 -0.2807
vn -0.8148 0.2647 -0.5158
vn 0.7986 -0.1742 0.5762
vn 0.9381 0.1107 -0.3283
vn 0.9949 0.0516 -0.0868
vn 0.0623 0.3813 -0.9223
vn -0.7455 0.6616 -0.0811
vn 0.9896 -0.0635 -0.1289
vn 0.9663 0.1886 -0.1749
vn 0.9917 -0.0594 -0.1141
vn 0.9732 0.2296 -0.0123
vn 0.9362 0.2627 -0.2335
vn 0.5762 -0.6006 0.5543
vn -0.0048 -1.0000 0.0054
vn -0.0213 -0.9996 0.0166
vn 0.0414 -0.8436 0.5354
vn -0.6653 -0.2473 0.7045
vn 0.8925 -0.0806 0.4439
vn 0.9365 -0.1048 0.3347
vn 0.0828 -0.1204 0.9893
vn -0.1989 -0.0645 0.9779
vn 0.4023 -0.8306 0.3850
vn -0.7981 -0.4260 0.4261
vn -0.5841 -0.3041 0.7525
vn -0.5316 0.2633 0.8050
vn -0.4276 0.6761 0.6000
vn -0.4590 0.2560 0.8508
vn -0.3687 0.3572 0.8582
vn -0.4332 0.7467 0.5048
vn -0.9288 0.0561 0.3662
vn -0.1244 0.8008 0.5859
vn -0.5891 0.2553 0.7667
vn -0.1804 0.9716 0.1529
vn -0.0860 0.4881 0.8685
vn -0.2867 0.5583 0.7785
vn -0.2598 0.9413 0.2154
vn -0.2778 0.9606 -0.0057
vn -0.2318 0.9727 0.0090
vn -0.0016 0.4222 0.9065
vn -0.1451 0.7739 0.6164
vn -0.2744 0.5071 0.8171
vn -0.1511 0.9727 0.1759
vn -0.2315 0.9716 0.0492
vn -0.9672 0.2503 0.0424
vn -0.8366 0.5464 -0.0397
vn -0.9882 -0.0534 -0.1438
vn -0.9599 0.2506 0.1256
vn -0.8606 0.3922 0.3248
vn -0.9760 0.1613 -0.1462
vn -0.9623 0.1330 -0.2374
vn -0.8776 0.4784 0.0315
vn -0.9401 0.3381 0.0433
vn 0.8368 0.5466 0.0328
vn 0.8532 0.5215 0.0009
vn 0.9074 0.4131 -0.0779
vn 0.9314 0.3638 -0.0095
vn 0.9817 -0.1346 0.1345
vn 0.9960 0.0501 -0.0745
vn 0.9882 -0.1530 0.0088
vn 0.8200 0.2336 0.5226
vn 0.8391 0.3227 0.4379
vn 0.0001 -0.1436 0.9896
vn 0.9750 0.2183 -0.0417
vn 0.9417 -0.3364 -0.0119
vn 0.9690 0.2467 -0.0137
vn 0.9490 -0.3108 0.0536
vn 0.9182 0.2357 0.3185
vn 0.9497 -0.3039 0.0761
vn 0.1096 -0.9922 0.0598
vn 0.3124 -0.9489 -0.0447
vn 0.3757 -0.9133 0.1575
vn 0.5589 0.0797 0.8254
vn 0.5183 0.8541 0.0441
vn 0.8446 -0.0487 -0.5332
vn 0.3785 0.7171 0.5852
vn 0.9805 0.0691 -0.1842
vn 0.9591 -0.0018 -0.2830
vn 0.2906 0.7379 0.6092
vn 0.5187 0.8548 0.0125
vn 0.4121 0.8960 0.1654
vn 0.5769 0.8062 0.1313
vn 0.4465 0.8715 0.2027
vn 0.3847 -0.9000 0.2049
vn -0.3477 0.9341 0.0810
vn -0.5129 0.8101 0.2841
vn -0.2654 0.9564 0.1218
vn -0.5137 0.8576 -0.0271
vn 0.6497 0.7599 -0.0205
vn 0.9627 -0.1529 0.2233
vn 0.6529 0.3377 0.6780
vn 0.4858 -0.5924 -0.6427
vn 0.9550 -0.0547 -0.2914
vn 0.9778 -0.0610 -0.2005
vn 0.4009 -0.4107 -0.8189
vn 0.3573 -0.8947 -0.2679
vn 0.9168 -0.3123 -0.2490
vn 0.9564 0.2113 -0.2016
vn 0.7984 0.5800 -0.1620
vn 0.1433 0.9685 -0.2035
vn 0.7799 0.3434 -0.5232
vn 0.7926 -0.4722 -0.3858
vn 0.4474 0.8180 -0.3616
vn 0.5862 -0.7181 -0.3751
vn 0.9241 0.2098 -0.3196
vn 0.5396 -0.4343 -0.7212
vn 0.7555 -0.2606 -0.6011
vn 0.7658 0.6416 -0.0440
vn 0.8026 -0.4803 -0.3537
vn -0.0070 0.8663 -0.4995
vn 0.9389 0.1126 -0.3253
vn 0.9888 -0.0953 -0.1147
vn 0.8127 -0.3294 -0.4807
vn 0.5445 -0.4870 -0.6829
vn 0.9261 -0.1004 -0.3637
vn 0.7768 0.2999 0.5538
vn 0.0637 0.5929 0.8028
vn -0.3450 0.4173 0.8408
vn -0.1724 0.9770 0.1256
vn -0.0677 0.9967 0.0437
vn 0.9798 -0.0236 0.1984
vn 0.9638 -0.1832 0.1935
vn -0.6951 0.3203 0.6437
vn -0.6682 0.1952 0.7179
vn 0.3106 -0.0576 -0.9488
vn 0.4392 -0.3892 -0.8097
vn 0.8973 0.2761 -0.3445
vn 0.2520 -0.8193 -0.5150
vn 0.1458 0.9822 -0.1183
vn 0.8715 -0.3109 -0.3794
vn 0.4596 0.1957 -0.8663
vn 0.4360 -0.4534 -0.7774
vn -0.0279 0.0415 0.9988
vn 0.4957 0.0078 0.8685
vn 0.9298 -0.2274 0.2895
vn 0.2508 -0.1500 -0.9563
vn 0.6581 0.0887 -0.7477
vn 0.3124 -0.9403 0.1349
vn 0.5391 -0.5452 -0.6420
vn 0.6645 -0.7468 -0.0252
vn 0.5346 -0.8314 0.1516
vn 0.7517 -0.5851 0.3042
vn 0.4438 -0.8899 0.1053
vn 0.2775 -0.9600 0.0376
vn 0.3293 -0.9318 -0.1525
vn 0.4652 -0.8817 -0.0785
vn 0.6477 -0.7609 -0.0400
vn 0.8097 -0.3044 -0.5017
vn 0.4011 -0.3352 -0.8525
vn 0.8526 -0.0842 -0.5157
vn 0.5105 -0.3635 -0.7793
vn 0.4566 -0.3797 -0.8045
vn 0.3348 -0.1311 0.9331
vn 0.5491 -0.0967 0.8302
vn 0.3047 -0.0322 0.9519
vn 0.9603 0.0372 -0.2764
vn 0.9238 -0.2113 0.3193
vn 0.9147 -0.2043 0.3487
vn 0.5056 -0.1676 0.8463
vn 0.2821 -0.1382 -0.9494
vn 0.8929 -0.0450 0.4479
vn 0.0709 -0.1274 0.9893
vn -0.0200 -0.0681 -0.9975
vn 0.8935 -0.0815 0.4416
vn 0.1545 -0.1140 0.9814
vn -0.0418 0.0670 -0.9969
vn 0.9295 -0.0648 -0.3632
vn 0.9409 -0.0004 -0.3388
vn 0.9559 -0.0200 -0.2930
vn 0.8857 -0.2490 -0.3919
vn 0.5543 -0.3518 -0.7543
vn 0.9761 -0.2026 0.0781
vn 0.9790 -0.1660 0.1181
vn -0.8777 -0.4363 -0.1983
vn -0.9025 -0.1061 -0.4174
vn -0.8826 -0.1071 0.4577
vn -0.8602 -0.0544 0.5070
vn -0.8779 -0.0458 0.4767
vn -0.9029 -0.0463 -0.4273
vn -0.9954 -0.0387 0.0875
vn -0.9448 0.0185 -0.3270
vn -0.8834 -0.0447 0.4664
vn -0.9179 0.0268 -0.3960
vn 0.8606 -0.2080 0.4649
vn 0.9395 -0.2160 -0.2658
vn 0.9497 -0.2377 -0.2040
vn 0.3194 -0.9475 -0.0132
vn 0.6588 0.6101 -0.4401
vn -0.1871 0.7968 -0.5745
vn 0.7393 0.5714 -0.3562
vn -0.2889 0.8183 -0.4969
vn 0.6359 0.3307 -0.6973
vn -0.0707 0.4391 -0.8957
vn 0.9936 0.0343 0.1077
vn 0.9871 0.1548 -0.0402
vn 0.7769 -0.6191 -0.1147
vn 0.1534 -0.0852 0.9845
vn -0.0007 -0.9999 0.0122
vn -0.9396 0.1418 -0.3115
vn 0.0132 -0.9999 0.0057
vn -0.7810 0.5285 -0.3327
vn -0.9955 -0.0401 0.0859
vn -0.9996 0.0087 -0.0269
vn 0.1349 0.8159 0.5622
vn 0.8912 0.2349 0.3881
vn 0.2579 0.6943 0.6719
vn 0.4344 0.3452 0.8320
vn 0.3667 0.3355 0.8678
vn 0.3696 0.3046 0.8779
vn 0.4212 0.2612 0.8685
vn 0.4737 0.1977 0.8582
vn 0.9503 0.0229 0.3106
vn 0.4552 -0.6689 0.5876
vn 0.4435 -0.5591 0.7005
vn 0.8799 -0.2393 0.4105
vn 0.5175 -0.8335 -0.1937
vn 0.9530 -0.2666 0.1437
vn 0.4981 -0.6664 -0.5548
vn 0.3120 -0.4445 -0.8397
vn 0.5361 -0.1899 -0.8225
vn 0.9970 0.0475 0.0616
vn 0.2515 -0.6780 0.6906
vn 0.2306 -0.8330 0.5028
vn 0.2518 -0.3811 -0.8896
vn -0.9081 -0.3859 -0.1629
vn -0.9717 -0.1434 -0.1877
vn 0.9846 0.0548 0.1660
vn -0.9914 -0.1119 0.0672
vn 0.3062 -0.4861 -0.8185
vn 0.4172 0.1449 0.8972
vn -0.9718 -0.2268 -0.0638
vn 0.9846 -0.0332 0.1719
vn -0.9497 -0.3014 0.0853
vn 0.1840 -0.0833 0.9794
vn 0.7727 -0.2966 -0.5612
vn 0.9515 0.2070 0.2275
vn 0.7169 -0.3710 -0.5903
vn 0.1167 -0.6298 -0.7679
vn 0.9643 0.1572 0.2131
vn 0.8236 0.4678 0.3207
vn -0.9755 -0.1974 -0.0972
vn -0.9664 -0.2569 -0.0134
vn 0.2222 0.6076 0.7625
vn 0.5910 -0.5631 -0.5776
vn -0.8785 -0.0897 0.4693
vn -0.8652 0.0009 0.5015
vn -0.9581 -0.0982 0.2692
vn -0.8820 -0.0452 0.4690
vn 0.8681 0.1581 0.4705
vn 0.2522 -0.2744 -0.9280
vn 0.6175 -0.5765 -0.5352
vn 0.8871 0.2017 0.4151
vn -0.8411 0.3499 0.4125
vn -0.8081 0.0075 -0.5890
vn 0.8806 0.1007 -0.4630
vn -0.9723 -0.1585 -0.1719
vn -0.8252 -0.0019 0.5648
vn 0.8389 0.0971 0.5355
vn 0.8359 -0.0585 -0.5457
vn -0.9523 -0.1728 -0.2515
vn -0.8162 -0.1706 0.5520
vn -0.9613 -0.0471 -0.2714
vn -0.1966 0.0897 -0.9764
vn 0.9256 0.0233 0.3779
vn -0.9700 -0.0871 -0.2269
vn -0.8243 -0.2082 0.5265
vn 0.6159 -0.0938 0.7823
vn -0.1439 0.9076 -0.3945
vn -0.9004 0.3203 -0.2945
vn 0.8116 0.2934 -0.5052
vn -0.9204 -0.0189 -0.3904
vn -0.0787 0.2349 -0.9688
vn 0.9230 0.0666 0.3791
vn 0.8372 0.4426 -0.3213
vn 0.4363 -0.1564 0.8861
vn 0.9538 -0.0324 0.2987
vn -0.9038 0.4261 -0.0398
vn -0.6193 0.1755 0.7653
vn 0.4248 -0.2693 0.8643
vn 0.7931 0.3280 -0.5132
vn -0.9976 0.0680 0.0088
vn 0.9413 -0.1856 0.2820
vn -0.8429 0.4257 -0.3291
vn 0.0915 0.5547 -0.8270
vn 0.9465 -0.0103 0.3224
vn 0.9663 -0.0199 0.2566
vn -0.9239 0.3799 0.0465
vn -0.6399 -0.4664 0.6107
vn -0.1895 -0.6325 -0.7510
vn -0.2654 -0.9636 -0.0333
vn -0.1371 -0.5593 -0.8176
vn 0.6157 -0.7868 0.0444
vn -0.2542 -0.4625 -0.8494
vn -0.6714 -0.3143 0.6712
vn -0.6758 -0.1821 0.7142
vn 0.2542 -0.4701 0.8452
vn -0.8344 0.5290 -0.1546
vn 0.2772 0.7257 -0.6297
vn 0.2932 0.8217 -0.4888
vn 0.0474 0.8039 -0.5928
vn 0.1017 0.5021 -0.8588
vn 0.0590 -0.9671 -0.2474
vn 0.0088 -0.9999 0.0068
vn 0.0334 -0.9989 0.0322
vn 0.1517 -0.8904 0.4292
vn 0.7787 -0.5270 0.3405
vn 0.9037 0.2360 -0.3574
vn 0.9973 -0.0198 0.0709
vn 0.7909 0.4816 -0.3775
vn 0.8607 -0.1397 -0.4895
vn 0.7520 -0.5792 -0.3146
vn 0.7981 -0.5984 -0.0709
vn -0.1641 -0.9862 0.0233
vn -0.8923 0.3475 -0.2882
vn -0.8963 0.3614 -0.2568
vn -0.8860 -0.4568 0.0796
vn -0.1300 -0.9912 -0.0264
vn 0.9415 -0.1879 0.2797
vn 0.9794 -0.1665 -0.1142
vn 0.9836 0.0294 0.1780
vn 0.8356 0.5462 0.0590
vn -0.0802 -0.9968 -0.0037
vn -0.5828 -0.6561 0.4794
vn -0.7986 -0.1742 0.5762
vn -0.9434 0.0974 -0.3171
vn -0.9949 0.0516 -0.0868
vn -0.1830 0.2964 -0.9374
vn -0.6386 -0.7496 0.1741
vn 0.0082 -0.9999 0.0084
vn 0.0083 -0.9999 0.0077
vn 0.4998 0.2964 0.8138
vn 0.3593 0.6825 0.6365
vn 0.5776 0.0866 0.8117
vn 0.4981 0.2814 0.8202
vn 0.4332 0.7467 0.5048
vn 0.9060 0.0677 0.4179
vn 0.1244 0.8009 0.5857
vn 0.5489 0.2857 0.7856
vn 0.2729 0.9434 0.1887
vn 0.2415 0.3636 0.8997
vn 0.0553 0.7365 0.6742
vn 0.1815 0.9677 0.1747
vn 0.3401 0.9399 0.0298
vn 0.2318 0.9727 0.0090
vn -0.0990 0.6895 0.7175
vn 0.1373 0.7796 0.6110
vn 0.2829 0.4945 0.8219
vn 0.1787 0.9625 0.2041
vn 0.2655 0.9620 0.0641
vn 0.9473 0.3189 -0.0294
vn 0.8366 0.5464 -0.0397
vn 0.9915 -0.0229 -0.1283
vn 0.9779 0.1225 0.1694
vn 0.8606 0.3922 0.3248
vn 0.9695 0.1797 -0.1666
vn 0.9796 0.0689 -0.1888
vn 0.8776 0.4784 0.0315
vn 0.9568 0.2820 0.0703
vn -0.8475 0.5294 0.0392
vn -0.8882 0.4541 0.0701
vn -0.9331 0.3581 -0.0324
vn -0.9610 0.2507 0.1168
vn -0.9817 -0.1346 0.1345
vn -0.9960 0.0501 -0.0745
vn -0.9882 -0.1530 0.0088
vn -0.8188 0.2339 0.5243
vn -0.0001 -0.1436 0.9896
vn -0.8381 0.3253 0.4378
vn -0.9750 0.2183 -0.0417
vn -0.9481 -0.2820 -0.1470
vn -0.9690 0.2467 -0.0137
vn -0.9482 -0.3123 0.0576
vn -0.9182 0.2357 0.3185
vn -0.9497 -0.3039 0.0761
vn -0.3871 -0.9057 -0.1726
vn -0.3550 -0.9332 -0.0558
vn -0.3757 -0.9133 0.1575
vn -0.5589 0.0797 0.8254
vn -0.5183 0.8541 0.0441
vn -0.8680 -0.2660 -0.4194
vn -0.3702 0.7226 0.5837
vn -0.9805 0.0691 -0.1842
vn -0.9845 -0.0167 -0.1743
vn -0.2906 0.7376 0.6095
vn -0.6491 0.7591 0.0493
vn -0.3676 0.9229 0.1146
vn -0.4171 0.9067 0.0625
vn -0.5314 0.8157 0.2287
vn -0.3830 -0.9005 0.2061
vn 0.3477 0.9341 0.0810
vn 0.4062 0.8939 0.1895
vn 0.4569 0.8869 0.0678
vn 0.1199 0.9703 0.2101
vn -0.5806 0.8113 -0.0687
vn -0.9586 0.0164 -0.2844
vn -0.6529 0.3377 0.6780
vn -0.4858 -0.5924 -0.6427
vn -0.9550 -0.0548 -0.2914
vn -0.9778 -0.0610 -0.2005
vn -0.4009 -0.4107 -0.8189
vn -0.3573 -0.8947 -0.2679
vn -0.9168 -0.3123 -0.2490
vn -0.9564 0.2113 -0.2016
vn -0.6965 0.7109 -0.0969
vn -0.1433 0.9685 -0.2035
vn -0.7800 0.3434 -0.5232
vn -0.7984 -0.4614 -0.3869
vn -0.2403 0.8012 -0.5480
vn -0.5814 -0.7187 -0.3815
vn -0.9241 0.2098 -0.3196
vn -0.5347 -0.4360 -0.7239
vn -0.7585 -0.2706 -0.5928
vn -0.7658 0.6416 -0.0440
vn -0.8142 -0.2162 -0.5388
vn 0.0070 0.8663 -0.4995
vn -0.9389 0.1126 -0.3253
vn -0.9177 -0.3864 -0.0922
vn -0.7827 -0.3739 -0.4976
vn -0.5445 -0.4870 -0.6829
vn -0.9261 -0.1004 -0.3637
vn -0.7768 0.2999 0.5538
vn -0.0637 0.5929 0.8028
vn 0.3450 0.4173 0.8408
vn 0.1724 0.9770 0.1256
vn 0.0677 0.9967 0.0437
vn -0.9850 -0.1370 -0.1050
vn -0.9638 -0.1832 0.1935
vn 0.6951 0.3203 0.6437
vn 0.6682 0.1952 0.7179
vn -0.3106 -0.0576 -0.9488
vn -0.4392 -0.3892 -0.8097
vn -0.8973 0.2761 -0.3445
vn -0.2520 -0.8193 -0.5150
vn -0.3766 0.9260 -0.0276
vn -0.9078 -0.0392 -0.4176
vn -0.2782 0.4103 -0.8685
vn -0.2485 -0.3247 -0.9126
vn 0.0279 0.0415 0.9988
vn -0.4957 0.0078 0.8685
vn -0.9258 -0.2193 0.3078
vn -0.2508 -0.1500 -0.9563
vn -0.6581 0.0887 -0.7477
vn -0.2946 -0.9442 0.1475
vn -0.5391 -0.5452 -0.6420
vn -0.4405 -0.8833 0.1607
vn -0.5502 -0.8233 0.1396
vn -0.7488 -0.5985 0.2848
vn -0.3224 -0.9230 0.2099
vn -0.3425 -0.9395 -0.0093
vn -0.3293 -0.9318 -0.1525
vn -0.4763 -0.8771 -0.0618
vn -0.6640 -0.7462 -0.0478
vn -0.8890 -0.1786 -0.4217
vn -0.2562 -0.4533 -0.8537
vn -0.5527 -0.4833 -0.6789
vn -0.4724 -0.4444 -0.7611
vn -0.3348 -0.1311 0.9331
vn -0.3047 -0.0322 0.9519
vn -0.5491 -0.0967 0.8302
vn -0.9490 -0.0929 -0.3013
vn -0.9603 0.0372 -0.2764
vn -0.9238 -0.2113 0.3193
vn -0.9874 -0.0664 0.1439
vn -0.5056 -0.1676 0.8463
vn -0.2821 -0.1382 -0.9494
vn -0.9215 -0.0263 0.3874
vn -0.0709 -0.1274 0.9893
vn 0.0200 -0.0681 -0.9975
vn -0.8935 -0.0815 0.4416
vn -0.1545 -0.1140 0.9814
vn 0.0418 0.0670 -0.9969
vn -0.9295 -0.0648 -0.3632
vn -0.9409 -0.0004 -0.3388
vn -0.9559 -0.0200 -0.2930
vn -0.9615 -0.1513 -0.2296
vn -0.5543 -0.3518 -0.7543
vn -0.9815 -0.1849 0.0495
vn -0.9904 -0.1272 0.0548
vn 0.9218 -0.2944 -0.2523
vn 0.9368 -0.2573 -0.2372
vn 0.8599 -0.0770 0.5047
vn 0.8762 -0.0638 0.4778
vn 0.9100 -0.0579 0.4105
vn 0.9029 -0.0463 -0.4273
vn 0.9954 -0.0387 0.0875
vn 0.9299 0.0213 -0.3671
vn 0.9152 0.0159 0.4027
vn 0.9179 0.0268 -0.3960
vn -0.8606 -0.2080 0.4649
vn -0.9497 -0.2377 -0.2040
vn -0.4823 -0.8750 -0.0428
vn -0.6588 0.6101 -0.4401
vn 0.1750 0.7946 -0.5814
vn -0.7393 0.5714 -0.3562
vn 0.1938 0.7705 -0.6072
vn -0.6360 0.3307 -0.6973
vn 0.3239 0.6449 -0.6922
vn -0.9905 0.1331 -0.0352
vn -0.9871 0.1548 -0.0402
vn -0.9820 -0.0846 0.1689
vn -0.0080 -0.9999 0.0096
vn 0.7866 0.5451 -0.2900
vn -0.0132 -0.9999 0.0057
vn 0.8242 0.3485 -0.4464
vn 0.9945 0.0386 0.0970
vn 0.9996 0.0087 -0.0269
vn -0.1349 0.8159 0.5622
vn -0.8912 0.2349 0.3881
vn -0.2031 0.7111 0.6731
vn -0.3462 0.3608 0.8660
vn -0.3660 0.3157 0.8754
vn -0.3700 0.3044 0.8778
vn -0.4212 0.2612 0.8685
vn -0.4326 0.1778 0.8839
vn -0.9782 0.1463 0.1473
vn -0.4552 -0.6689 0.5876
vn -0.9206 -0.1777 0.3477
vn -0.9526 -0.2677 0.1444
vn -0.5173 -0.8350 -0.1878
vn -0.9274 -0.3187 0.1961
vn -0.5050 -0.6610 -0.5550
vn -0.4965 -0.5010 -0.7089
vn -0.5210 -0.1933 -0.8314
vn -0.9959 0.0513 0.0751
vn 0.1077 -0.9057 0.4099
vn -0.3060 -0.8651 0.3975
vn -0.3296 -0.3942 -0.8579
vn 0.9081 -0.3859 -0.1629
vn 0.9717 -0.1434 -0.1877
vn -0.9846 0.0548 0.1660
vn 0.9926 -0.0963 0.0740
vn -0.0599 -0.2163 -0.9745
vn -0.4172 0.1449 0.8972
vn 0.9934 -0.1142 -0.0128
vn -0.9846 -0.0332 0.1719
vn 0.9639 -0.2332 0.1285
vn -0.1840 -0.0833 0.9794
vn -0.7386 -0.2564 -0.6235
vn -0.9594 0.2062 0.1926
vn -0.7223 -0.3745 -0.5813
vn -0.1167 -0.6298 -0.7679
vn -0.9643 0.1572 0.2131
vn -0.2325 0.5650 0.7917
vn 0.9755 -0.1974 -0.0972
vn 0.9664 -0.2569 -0.0134
vn -0.2222 0.6076 0.7625
vn -0.5892 -0.5634 -0.5792
vn 0.8785 -0.0897 0.4693
vn 0.9172 -0.0189 0.3980
vn 0.9581 -0.0982 0.2692
vn 0.8820 -0.0452 0.4690
vn -0.8681 0.1581 0.4705
vn -0.0732 -0.2373 -0.9687
vn -0.5887 -0.5668 -0.5764
vn -0.9459 0.2563 0.1989
vn 0.8411 0.3499 0.4125
vn 0.8081 0.0075 -0.5890
vn -0.8492 0.1303 -0.5117
vn 0.9814 -0.1291 -0.1417
vn 0.8337 -0.0183 0.5520
vn -0.8389 0.0971 0.5355
vn -0.8187 -0.0448 -0.5725
vn 0.9523 -0.1728 -0.2515
vn 0.8275 -0.1931 0.5273
vn 0.9723 -0.0249 -0.2323
vn -0.2245 0.0349 -0.9738
vn -0.9256 0.0233 0.3779
vn 0.9741 -0.0854 -0.2095
vn 0.7667 -0.1814 0.6159
vn -0.8368 0.0883 0.5404
vn 0.1439 0.9076 -0.3945
vn 0.8712 0.4868 -0.0635
vn -0.5458 -0.0408 0.8369
vn -0.8846 0.1353 -0.4463
vn 0.9204 -0.0189 -0.3904
vn 0.2139 0.2948 -0.9313
vn -0.9230 0.0666 0.3791
vn -0.8372 0.4426 -0.3213
vn -0.4363 -0.1564 0.8861
vn -0.9467 -0.1097 0.3029
vn 0.9352 0.3418 -0.0930
vn 0.7793 -0.2617 0.5694
vn -0.4842 -0.1864 0.8549
vn -0.7931 0.3280 -0.5132
vn 0.9978 0.0669 0.0019
vn -0.9459 -0.0075 0.3244
vn 0.8429 0.4257 -0.3291
vn 0.0667 0.6910 -0.7198
vn -0.9465 -0.0103 0.3224
vn -0.9663 -0.0199 0.2566
vn 0.9808 0.1439 -0.1313
vn 0.6304 -0.3106 0.7114
vn 0.1895 -0.6325 -0.7510
vn 0.2797 -0.9599 -0.0192
vn -0.7009 -0.4357 -0.5647
vn -0.1803 -0.8443 -0.5046
vn 0.2542 -0.4625 -0.8494
vn 0.6714 -0.3143 0.6712
vn 0.6758 -0.1821 0.7142
vn -0.2542 -0.4701 0.8452
vn 0.8289 0.4901 -0.2696
vn 0.0477 0.9546 -0.2941
vn -0.2932 0.8217 -0.4888
vn -0.0474 0.8039 -0.5928
vn -0.1017 0.5021 -0.8588
vn -0.0625 -0.9682 -0.2421
vn -0.0088 -0.9999 0.0068
vn -0.0334 -0.9989 0.0322
vn -0.1517 -0.8904 0.4292
vn -0.7787 -0.5270 0.3405
vn -0.9819 0.1566 0.1064
vn -0.9634 0.0275 0.2668
vn -0.9285 0.3377 -0.1543
vn -0.7520 -0.5792 -0.3146
vn -0.8654 -0.4816 -0.1382
vn 0.1641 -0.9862 0.0233
vn 0.8456 0.4855 -0.2218
vn 0.8976 0.3549 -0.2617
vn 0.8725 -0.4865 -0.0449
vn 0.1061 -0.9942 -0.0181
vn -0.9415 -0.1879 0.2797
vn -0.9757 -0.1950 -0.1000
vn -0.9836 0.0294 0.1780
vn -0.9952 -0.0673 0.0708
vn 0.0802 -0.9968 -0.0037
vn 0.5922 -0.6711 0.4459
vn 0.8109 -0.1962 0.5514
vn 0.9434 0.0974 -0.3171
vn 0.9643 -0.0179 -0.2643
vn 0.1830 0.2964 -0.9374
vn 0.6386 -0.7496 0.1741
vn -0.0082 -0.9999 0.0084
vn -0.0083 -0.9999 0.0077
vn -0.4911 0.2982 0.8185
vn -0.4335 0.6739 0.5983
vn -0.5809 0.0653 0.8114
vn -0.5909 0.2576 0.7646
vn -0.2851 0.7655 0.5768
vn -0.5852 -0.0071 0.8108
vn -0.1610 0.8026 0.5743
vn -0.5375 0.2886 0.7923
vn -0.2729 0.9434 0.1887
vn -0.2415 0.3636 0.8997
vn -0.0553 0.7365 0.6742
vn -0.1815 0.9677 0.1747
vn -0.3401 0.9399 0.0298
vn -0.3402 0.9402 -0.0168
vn 0.0990 0.6895 0.7175
vn -0.1373 0.7796 0.6110
vn -0.2829 0.4945 0.8219
vn -0.1787 0.9625 0.2041
vn -0.2655 0.9620 0.0641
vn -0.9473 0.3189 -0.0294
vn -0.8631 0.4992 -0.0765
vn -0.9915 -0.0229 -0.1283
vn -0.9779 0.1225 0.1694
vn -0.9515 0.2877 0.1091
vn -0.9695 0.1797 -0.1666
vn -0.9796 0.0689 -0.1888
vn -0.8674 -0.4337 -0.2440
vn -0.8813 0.4718 0.0263
vn -0.9568 0.2820 0.0703
vt 0.501994 0.281968
vt 0.588248 0.233657
vt 0.604473 0.264765
vt 0.638314 0.213109
vt 0.661057 0.246841
vt 0.686458 0.210256
vt 0.717279 0.253619
vt 0.729567 0.217136
vt 0.753008 0.263209
vt 0.407741 0.237125
vt 0.382385 0.216685
vt 0.422929 0.187536
vt 0.463260 0.237728
vt 0.456521 0.173315
vt 0.491661 0.231497
vt 0.490245 0.165549
vt 0.324493 0.253719
vt 0.383156 0.233439
vt 0.384110 0.294536
vt 0.497213 0.257132
vt 0.617941 0.183659
vt 0.626969 0.122316
vt 0.658227 0.170605
vt 0.461354 0.263778
vt 0.570602 0.201847
vt 0.582728 0.130218
vt 0.406006 0.263640
vt 0.351760 0.230373
vt 0.483011 0.137970
vt 0.621320 0.111587
vt 0.525631 0.122447
vt 0.577970 0.119815
vt 0.381997 0.178975
vt 0.348844 0.194613
vt 0.667648 0.276819
vt 0.428671 0.169096
vt 0.719854 0.272907
vt 0.736815 0.181953
vt 0.777400 0.235876
vt 0.383435 0.314462
vt 0.353632 0.293846
vt 0.506553 0.307663
vt 0.404487 0.292787
vt 0.459665 0.288652
vt 0.405751 0.315737
vt 0.538742 0.145762
vt 0.718676 0.726037
vt 0.784851 0.755066
vt 0.676502 0.771961
vt 0.463583 0.313253
vt 0.660369 0.124610
vt 0.683324 0.172232
vt 0.796461 0.278601
vt 0.812854 0.253177
vt 0.754182 0.277753
vt 0.728868 0.070253
vt 0.703112 0.090990
vt 0.681682 0.062708
vt 0.716759 0.116309
vt 0.709472 0.172539
vt 0.693073 0.116945
vt 0.823886 0.179938
vt 0.760662 0.188525
vt 0.761662 0.138000
vt 0.847928 0.148281
vt 0.766340 0.119375
vt 0.773909 0.093094
vt 0.954635 0.198102
vt 0.916659 0.215028
vt 0.916477 0.190247
vt 0.951805 0.219459
vt 0.920279 0.240040
vt 0.956424 0.233877
vt 0.926269 0.255910
vt 0.965028 0.250035
vt 0.925766 0.275055
vt 0.946611 0.287389
vt 0.889098 0.267897
vt 0.885207 0.219441
vt 0.922581 0.311996
vt 0.904760 0.288030
vt 0.896100 0.183574
vt 0.888633 0.247344
vt 0.867886 0.192844
vt 0.873134 0.165696
vt 0.885366 0.269956
vt 0.866630 0.250039
vt 0.860227 0.214568
vt 0.895778 0.317716
vt 0.826273 0.234071
vt 0.721888 0.097591
vt 0.837375 0.272371
vt 0.824706 0.292729
vt 0.797218 0.292066
vt 0.855534 0.297691
vt 0.823017 0.300157
vt 0.864048 0.306851
vt 0.855420 0.311141
vt 0.904622 0.325854
vt 0.865297 0.309755
vt 0.869889 0.308195
vt 0.872381 0.307155
vt 0.873752 0.308232
vt 0.872403 0.306900
vt 0.877766 0.297660
vt 0.986335 0.231015
vt 0.960890 0.242699
vt 0.986884 0.236653
vt 0.979099 0.223372
vt 0.976333 0.262618
vt 0.997773 0.238699
vt 0.995977 0.225438
vt 0.987689 0.214447
vt 0.867580 0.303436
vt 0.872114 0.306926
vt 0.869841 0.308121
vt 0.724294 0.841111
vt 0.696988 0.846070
vt 0.676502 0.841616
vt 0.872270 0.307174
vt 0.559537 0.081142
vt 0.572017 0.107917
vt 0.446556 0.135946
vt 0.476386 0.107430
vt 0.337494 0.148200
vt 0.400774 0.127519
vt 0.362415 0.152439
vt 0.512553 0.096431
vt 0.607573 0.069344
vt 0.616284 0.105177
vt 0.653883 0.081147
vt 0.444756 0.111238
vt 0.835500 0.164796
vt 0.045014 0.731226
vt 0.046200 0.770092
vt 0.020400 0.757468
vt 0.353227 0.880665
vt 0.414200 0.872051
vt 0.372191 0.890451
vt 0.359044 0.951157
vt 0.345130 0.985685
vt 0.345875 0.938751
vt 0.347979 0.894285
vt 0.358583 0.926174
vt 0.358223 0.936494
vt 0.403292 0.892290
vt 0.453648 0.914196
vt 0.399750 0.926228
vt 0.455011 0.889605
vt 0.136138 0.782268
vt 0.085361 0.784741
vt 0.086264 0.757802
vt 0.548014 0.904516
vt 0.463436 0.876615
vt 0.548813 0.884838
vt 0.222820 0.807851
vt 0.140862 0.805727
vt 0.634782 0.882453
vt 0.630265 0.896346
vt 0.551954 0.873792
vt 0.295810 0.821008
vt 0.229113 0.827366
vt 0.452949 0.937688
vt 0.623016 0.918597
vt 0.628604 0.902592
vt 0.547367 0.924879
vt 0.377622 0.944547
vt 0.372387 0.932627
vt 0.056229 0.737201
vt 0.371499 0.913368
vt 0.398955 0.949236
vt 0.367116 0.969693
vt 0.033895 0.819214
vt 0.040889 0.821155
vt 0.137964 0.863853
vt 0.089129 0.828872
vt 0.139229 0.829666
vt 0.221820 0.865165
vt 0.227543 0.843631
vt 0.306367 0.873917
vt 0.312278 0.858322
vt 0.038093 0.874755
vt 0.299330 0.837906
vt 0.307406 0.851170
vt 0.359954 0.892407
vt 0.356641 0.977319
vt 0.643121 0.922419
vt 0.317977 0.828356
vt 0.653872 0.927368
vt 0.641881 0.932747
vt 0.318270 0.816731
vt 0.329417 0.828218
vt 0.662929 0.928600
vt 0.655698 0.939828
vt 0.332752 0.816130
vt 0.336305 0.829018
vt 0.648397 0.909527
vt 0.643817 0.900081
vt 0.650253 0.896375
vt 0.655591 0.911993
vt 0.639306 0.892001
vt 0.642804 0.889760
vt 0.646598 0.880116
vt 0.653495 0.884034
vt 0.340104 0.847710
vt 0.329827 0.842677
vt 0.315463 0.864169
vt 0.323012 0.836113
vt 0.670750 0.907736
vt 0.316890 0.840792
vt 0.313854 0.848673
vt 0.323364 0.854888
vt 0.329012 0.834793
vt 0.222263 0.285531
vt 0.310593 0.231627
vt 0.298588 0.276168
vt 0.304580 0.320750
vt 0.343649 0.316231
vt 0.339707 0.327769
vt 0.302073 0.293392
vt 0.225825 0.318927
vt 0.301416 0.306570
vt 0.174297 0.311093
vt 0.223738 0.301788
vt 0.086169 0.289178
vt 0.160957 0.292315
vt 0.057500 0.277721
vt 0.089948 0.276167
vt 0.019771 0.259041
vt 0.049002 0.262932
vt 0.011794 0.240260
vt 0.027068 0.250815
vt 0.089796 0.258336
vt 0.085246 0.214290
vt 0.143775 0.211202
vt 0.000208 0.222021
vt 0.015746 0.236428
vt 0.035363 0.242116
vt 0.014256 0.227874
vt 0.036327 0.213140
vt 0.022746 0.194707
vt 0.045829 0.244893
vt 0.072795 0.170752
vt 0.228971 0.192708
vt 0.161068 0.178462
vt 0.152290 0.270407
vt 0.229744 0.232619
vt 0.294966 0.186658
vt 0.408600 0.166359
vt 0.428977 0.150685
vt 0.408494 0.166314
vt 0.405178 0.156032
vt 0.428710 0.150379
vt 0.398345 0.180327
vt 0.388565 0.161197
vt 0.402696 0.170537
vt 0.402241 0.174067
vt 0.398441 0.170982
vt 0.404503 0.166654
vt 0.403051 0.169698
vt 0.400036 0.167823
vt 0.413225 0.176120
vt 0.410333 0.169413
vt 0.403712 0.171167
vt 0.404067 0.170431
vt 0.404720 0.170571
vt 0.405598 0.169742
vt 0.404076 0.170277
vt 0.405186 0.169059
vt 0.406787 0.171554
vt 0.405152 0.169034
vt 0.403950 0.170425
vt 0.403989 0.170405
vt 0.403970 0.170443
vt 0.403986 0.170388
vt 0.403938 0.170360
vt 0.403984 0.170322
vt 0.404161 0.169405
vt 0.404126 0.170336
vt 0.404070 0.170277
vt 0.398373 0.170933
vt 0.402674 0.170517
vt 0.381815 0.178685
vt 0.403994 0.170400
vt 0.404004 0.170407
vt 0.404025 0.170387
vt 0.403995 0.170396
vt 0.404009 0.170371
vt 0.404006 0.170371
vt 0.403980 0.170395
vt 0.403944 0.170426
vt 0.403994 0.170398
vt 0.403992 0.170397
vt 0.403995 0.170396
vt 0.403996 0.170399
vt 0.403994 0.170398
vt 0.403997 0.170397
vt 0.403990 0.170397
vt 0.403990 0.170400
vt 0.403985 0.170403
vt 0.403990 0.170400
vt 0.403985 0.170403
vt 0.403994 0.170398
vt 0.403994 0.170398
vt 0.403994 0.170398
vt 0.403994 0.170398
vt 0.403994 0.170399
vt 0.403994 0.170398
vt 0.403994 0.170398
vt 0.403994 0.170398
vt 0.403994 0.170398
vt 0.403994 0.170398
vt 0.403994 0.170398
vt 0.403994 0.170398
vt 0.403994 0.170398
vt 0.403994 0.170398
vt 0.403994 0.170398
vt 0.403994 0.170398
vt 0.403994 0.170398
vt 0.031003 0.926281
vt 0.020400 0.910482
vt 0.049270 0.898206
vt 0.021522 0.890908
vt 0.049118 0.880787
vt 0.403994 0.170398
vt 0.846619 0.757902
vt 0.865340 0.771811
vt 0.843551 0.767418
vt 0.849845 0.743758
vt 0.865385 0.757723
vt 0.845091 0.735760
vt 0.860630 0.737073
vt 0.842569 0.735067
vt 0.842009 0.724431
vt 0.850099 0.727760
vt 0.839917 0.734228
vt 0.832148 0.725004
vt 0.816709 0.751297
vt 0.834187 0.736562
vt 0.797062 0.761055
vt 0.791238 0.739072
vt 0.788016 0.754283
vt 0.795247 0.763930
vt 0.833610 0.754674
vt 0.822935 0.766113
vt 0.841482 0.744401
vt 0.840580 0.737844
vt 0.825852 0.753431
vt 0.811451 0.756176
vt 0.801147 0.760180
vt 0.926096 0.793953
vt 0.901544 0.793068
vt 0.918916 0.783409
vt 0.934396 0.810715
vt 0.911003 0.813070
vt 0.934396 0.825128
vt 0.919231 0.823172
vt 0.923507 0.818795
vt 0.927293 0.829515
vt 0.918556 0.830711
vt 0.906969 0.819517
vt 0.896777 0.815923
vt 0.896673 0.809016
vt 0.910335 0.820197
vt 0.884178 0.811959
vt 0.872673 0.806676
vt 0.885480 0.805226
vt 0.811658 0.771811
vt 0.838124 0.741771
vt 0.869807 0.811200
vt 0.866443 0.808518
vt 0.403994 0.170398
vt 0.325635 0.871552
vt 0.670750 0.936098
vt 0.646903 0.877318
vt 0.315367 0.873322
vt 0.316486 0.874755
vt 0.636119 0.873084
vt 0.381304 0.338143
vt 0.405723 0.339847
vt 0.749819 0.306862
vt 0.814528 0.332092
vt 0.671334 0.302810
vt 0.466729 0.338248
vt 0.613536 0.312039
vt 0.510653 0.331645
vt 0.861025 0.339848
vt 0.719546 0.300764
vt 0.791708 0.323828
vt 0.608984 0.287275
vt 0.381510 0.266119
vt 0.507945 0.464099
vt 0.593490 0.512058
vt 0.503183 0.488722
vt 0.609590 0.481201
vt 0.643164 0.532448
vt 0.665724 0.498981
vt 0.690929 0.535275
vt 0.721501 0.492250
vt 0.733698 0.528444
vt 0.389166 0.528535
vt 0.414401 0.508374
vt 0.429349 0.557672
vt 0.469476 0.507927
vt 0.462703 0.571876
vt 0.497652 0.514147
vt 0.496200 0.579619
vt 0.391140 0.451449
vt 0.390023 0.511927
vt 0.331690 0.492021
vt 0.622950 0.561669
vt 0.631916 0.622539
vt 0.588011 0.614704
vt 0.467627 0.482088
vt 0.575976 0.543617
vt 0.544352 0.599278
vt 0.412748 0.482095
vt 0.359052 0.514761
vt 0.489009 0.607017
vt 0.452770 0.609029
vt 0.626311 0.633187
vt 0.583291 0.625030
vt 0.531338 0.622427
vt 0.388556 0.566014
vt 0.355559 0.550106
vt 0.672260 0.469242
vt 0.435016 0.576022
vt 0.419667 0.568995
vt 0.756945 0.482729
vt 0.724052 0.473114
vt 0.758108 0.468300
vt 0.764554 0.556823
vt 0.740895 0.563349
vt 0.360873 0.452015
vt 0.390537 0.431721
vt 0.512481 0.438628
vt 0.614066 0.458872
vt 0.411316 0.453235
vt 0.412627 0.430521
vt 0.465988 0.457431
vt 0.469899 0.433061
vt 0.676841 0.805977
vt 0.728876 0.783409
vt 0.766975 0.840570
vt 0.662924 0.574619
vt 0.665057 0.620256
vt 0.800053 0.467450
vt 0.816322 0.492670
vt 0.781151 0.509841
vt 0.707474 0.653606
vt 0.733034 0.674175
vt 0.686219 0.681673
vt 0.713768 0.572693
vt 0.721010 0.628482
vt 0.697508 0.627856
vt 0.827283 0.565330
vt 0.765556 0.606951
vt 0.770201 0.625429
vt 0.851142 0.596733
vt 0.777717 0.651503
vt 0.919319 0.530497
vt 0.957000 0.547282
vt 0.919144 0.555083
vt 0.922905 0.505680
vt 0.954188 0.526093
vt 0.928844 0.489934
vt 0.958768 0.511787
vt 0.967300 0.495754
vt 0.963197 0.503033
vt 0.949020 0.458698
vt 0.928341 0.470939
vt 0.891963 0.478050
vt 0.888113 0.526125
vt 0.925173 0.434290
vt 0.898928 0.561708
vt 0.891506 0.498441
vt 0.876146 0.579450
vt 0.870933 0.552516
vt 0.883705 0.476606
vt 0.907498 0.458070
vt 0.869676 0.495771
vt 0.898579 0.428621
vt 0.829639 0.511623
vt 0.863330 0.530965
vt 0.838809 0.580351
vt 0.726102 0.647052
vt 0.840646 0.473622
vt 0.800800 0.454091
vt 0.828072 0.453427
vt 0.826395 0.446058
vt 0.858657 0.448497
vt 0.858540 0.435153
vt 0.870008 0.442411
vt 0.868339 0.436526
vt 0.907352 0.420545
vt 0.874647 0.445004
vt 0.872974 0.444306
vt 0.875567 0.444280
vt 0.874662 0.445174
vt 0.878262 0.451374
vt 0.988445 0.514620
vt 0.988988 0.509026
vt 0.981268 0.522205
vt 0.978515 0.483267
vt 0.998013 0.520151
vt 0.999792 0.506994
vt 0.989792 0.531059
vt 0.871426 0.447500
vt 0.872942 0.444355
vt 0.874468 0.445157
vt 0.724295 0.851570
vt 0.696988 0.846611
vt 0.762173 0.846611
vt 0.874572 0.444990
vt 0.565007 0.663417
vt 0.518364 0.648264
vt 0.482443 0.637368
vt 0.450997 0.633621
vt 0.368832 0.592512
vt 0.395156 0.633605
vt 0.343796 0.596763
vt 0.577385 0.636838
vt 0.612681 0.675109
vt 0.658630 0.663384
vt 0.407163 0.617433
vt 0.345130 0.836486
vt 0.376637 0.862978
vt 0.364517 0.866796
vt 0.697957 0.967161
vt 0.739890 0.985735
vt 0.678952 0.976869
vt 0.671292 0.871815
vt 0.685062 0.906401
vt 0.671841 0.918752
vt 0.687825 0.573002
vt 0.684497 0.931382
vt 0.673761 0.963227
vt 0.684180 0.921061
vt 0.729065 0.965450
vt 0.779512 0.943754
vt 0.780772 0.968350
vt 0.413991 0.821585
vt 0.463453 0.833325
vt 0.409939 0.848233
vt 0.873837 0.953825
vt 0.874555 0.973507
vt 0.789144 0.981375
vt 0.472398 0.811129
vt 0.553357 0.824067
vt 0.956053 0.962337
vt 0.960512 0.976248
vt 0.877649 0.984565
vt 0.563121 0.806037
vt 0.627521 0.824515
vt 0.725664 0.931499
vt 0.778910 0.920260
vt 0.948897 0.940056
vt 0.954418 0.956084
vt 0.873274 0.933460
vt 0.703612 0.913088
vt 0.724965 0.908488
vt 0.372808 0.828805
vt 0.697360 0.944241
vt 0.698328 0.924986
vt 0.693210 0.887899
vt 0.369717 0.778261
vt 0.376949 0.777635
vt 0.425785 0.778893
vt 0.480206 0.753458
vt 0.436014 0.741415
vt 0.562881 0.767541
vt 0.475182 0.787297
vt 0.647600 0.774438
vt 0.564560 0.789760
vt 0.384027 0.724431
vt 0.644451 0.796990
vt 0.685728 0.965154
vt 0.621315 0.639548
vt 0.969017 0.936317
vt 0.650660 0.821355
vt 0.648817 0.832837
vt 0.967821 0.925985
vt 0.979789 0.931413
vt 0.661881 0.823588
vt 0.662943 0.836084
vt 0.981667 0.918960
vt 0.988850 0.930218
vt 0.668799 0.824065
vt 0.675960 0.830851
vt 0.974240 0.949231
vt 0.969621 0.958658
vt 0.976042 0.962390
vt 0.981444 0.946795
vt 0.965077 0.966720
vt 0.968565 0.968975
vt 0.972319 0.978635
vt 0.961811 0.985623
vt 0.979233 0.974745
vt 0.675960 0.806386
vt 0.654754 0.785689
vt 0.650551 0.790853
vt 0.657032 0.814653
vt 0.662688 0.817051
vt 0.996586 0.951115
vt 0.651871 0.808931
vt 0.650332 0.800627
vt 0.660820 0.796261
vt 0.664935 0.809450
vt 0.229312 0.458932
vt 0.305544 0.469382
vt 0.315127 0.514538
vt 0.351115 0.429733
vt 0.312407 0.424688
vt 0.347325 0.418249
vt 0.309187 0.452072
vt 0.308884 0.438805
vt 0.233282 0.423664
vt 0.231082 0.445446
vt 0.180608 0.431347
vt 0.167608 0.454891
vt 0.089205 0.454005
vt 0.093000 0.467519
vt 0.059492 0.465443
vt 0.050561 0.480509
vt 0.020577 0.484162
vt 0.012192 0.503265
vt 0.002655 0.498442
vt 0.094401 0.487884
vt 0.086798 0.530558
vt 0.047212 0.499041
vt 0.014395 0.515972
vt 0.000208 0.521816
vt 0.036409 0.501626
vt 0.016056 0.507172
vt 0.023100 0.549874
vt 0.037017 0.531203
vt 0.074088 0.574354
vt 0.148495 0.535856
vt 0.165883 0.580115
vt 0.235173 0.568231
vt 0.158507 0.474793
vt 0.254435 0.513401
vt 0.300519 0.557863
vt 0.415031 0.578703
vt 0.416768 0.575665
vt 0.411594 0.588984
vt 0.414924 0.578746
vt 0.435023 0.594651
vt 0.404866 0.564747
vt 0.395034 0.583790
vt 0.435290 0.594348
vt 0.408723 0.570999
vt 0.409163 0.574518
vt 0.404923 0.574059
vt 0.410948 0.578394
vt 0.409512 0.575355
vt 0.410618 0.575652
vt 0.406499 0.577214
vt 0.413243 0.573521
vt 0.410179 0.573894
vt 0.410529 0.574629
vt 0.410432 0.574617
vt 0.412051 0.575322
vt 0.410537 0.574783
vt 0.410587 0.574725
vt 0.411180 0.574492
vt 0.411604 0.576026
vt 0.410412 0.574634
vt 0.410451 0.574655
vt 0.410447 0.574656
vt 0.410399 0.574699
vt 0.410448 0.574672
vt 0.410445 0.574737
vt 0.410530 0.574782
vt 0.404853 0.574106
vt 0.409141 0.574538
vt 0.410406 0.574633
vt 0.388372 0.566300
vt 0.410466 0.574652
vt 0.410456 0.574659
vt 0.410487 0.574672
vt 0.410457 0.574663
vt 0.410459 0.574662
vt 0.410468 0.574688
vt 0.410471 0.574688
vt 0.410442 0.574664
vt 0.410454 0.574663
vt 0.410455 0.574661
vt 0.410456 0.574664
vt 0.410457 0.574660
vt 0.410456 0.574661
vt 0.410456 0.574661
vt 0.410452 0.574662
vt 0.410452 0.574660
vt 0.410452 0.574660
vt 0.410455 0.574661
vt 0.410456 0.574661
vt 0.410456 0.574661
vt 0.410456 0.574661
vt 0.410456 0.574661
vt 0.410456 0.574661
vt 0.410456 0.574661
vt 0.410456 0.574661
vt 0.410456 0.574661
vt 0.803120 0.831330
vt 0.821282 0.859079
vt 0.790565 0.854021
vt 0.831403 0.831483
vt 0.813984 0.831330
vt 0.865857 0.783409
vt 0.847136 0.797318
vt 0.844067 0.787802
vt 0.865901 0.797497
vt 0.850361 0.811462
vt 0.861147 0.818147
vt 0.845607 0.819461
vt 0.850615 0.827460
vt 0.840434 0.820992
vt 0.843085 0.820153
vt 0.832665 0.830217
vt 0.834704 0.818658
vt 0.817225 0.803923
vt 0.791754 0.816148
vt 0.797579 0.794165
vt 0.795763 0.791290
vt 0.788532 0.800937
vt 0.834127 0.800546
vt 0.841999 0.810820
vt 0.841096 0.817376
vt 0.826369 0.801789
vt 0.838640 0.813449
vt 0.811967 0.799044
vt 0.801664 0.795041
vt 0.925579 0.761189
vt 0.901028 0.762073
vt 0.910486 0.742072
vt 0.933879 0.744427
vt 0.922990 0.736347
vt 0.933879 0.730014
vt 0.918714 0.731970
vt 0.926777 0.725626
vt 0.918040 0.724431
vt 0.906452 0.735625
vt 0.909818 0.734945
vt 0.896157 0.746126
vt 0.896261 0.739219
vt 0.883662 0.743183
vt 0.884963 0.749916
vt 0.872156 0.748466
vt 0.812174 0.783409
vt 0.823452 0.789107
vt 0.869290 0.743942
vt 0.634080 0.808549
vt 0.666107 0.780296
vt 0.996703 0.922753
vt 0.972613 0.981433
vt 0.656339 0.776674
vt 0.657701 0.775470
vt 0.027976 0.492688
vt 0.388524 0.408297
vt 0.412656 0.406671
vt 0.753773 0.439422
vt 0.817965 0.414376
vt 0.675914 0.443459
vt 0.473034 0.408308
vt 0.618581 0.434310
vt 0.864094 0.406670
vt 0.723741 0.445478
vt 0.795327 0.422581
vt 0.388473 0.479566
vt 0.676502 0.762101
vt 0.680015 0.747876
vt 0.765394 0.724431
vt 0.729282 0.782867
vt 0.870563 0.338477
vt 0.762173 0.846070
vt 0.388741 0.111331
vt 0.033006 0.724431
vt 0.357485 0.871815
vt 0.092313 0.867590
vt 0.344589 0.823660
vt 0.002429 0.244902
vt 0.049270 0.909069
vt 0.041698 0.924066
vt 0.026580 0.921624
vt 0.031294 0.875296
vt 0.785392 0.757930
vt 0.720229 0.840570
vt 0.680840 0.820072
vt 0.676502 0.796123
vt 0.785367 0.809284
vt 0.873558 0.408028
vt 0.676502 0.851065
vt 0.351466 0.871274
vt 0.683174 0.985735
vt 0.682767 0.880229
vt 0.411638 0.576001
vt 0.410446 0.574656
vt 0.785909 0.849598
vt 0.788124 0.838903
vt 0.801708 0.860201
vt 0.836894 0.849306
vt 0.842525 0.830789
vt 0.785909 0.797290
vt 0.918399 0.771733
vt 0.865926 0.746624
vt 0.516552 0.414857
s 0
usemtl Fox.material
f 1/1/1 298/2/1 3/3/1
f 3/3/2 306/4/2 5/5/2
f 5/5/3 304/6/3 8/7/3
f 8/7/4 303/8/4 7/9/4
f 19/10/5 17/11/5 15/12/5
f 20/13/6 15/12/6 10/14/6
f 22/15/7 10/14/7 2/16/7
f 16/17/8 24/18/8 11/19/8
f 300/20/9 20/13/9 22/15/9
f 21/21/10 9/22/10 27/23/10
f 301/24/11 19/10/11 20/13/11
f 25/25/12 6/26/12 21/21/12
f 307/27/13 24/18/13 19/10/13
f 23/28/14 17/11/14 24/18/14
f 2/16/15 25/25/15 22/15/15
f 10/14/16 75/29/16 2/16/16
f 6/26/17 119/30/17 9/22/17
f 74/31/18 118/32/18 6/26/18
f 152/33/19 17/11/19 68/34/19
f 293/35/20 3/3/20 5/5/20
f 15/12/21 149/36/21 10/14/21
f 7/9/22 288/37/22 8/7/22
f 48/38/23 302/39/23 303/8/23
f 278/40/24 18/41/24 11/19/24
f 3/3/25 295/42/25 1/1/25
f 13/43/26 278/40/26 11/19/26
f 12/44/27 292/45/27 13/43/27
f 8/7/28 293/35/28 5/5/28
f 2/16/29 74/31/29 4/46/29
f 83/47/30 73/48/30 70/49/30
f 1/1/31 287/50/31 12/44/31
f 27/23/32 83/51/32 84/52/32
f 28/53/33 302/39/33 299/54/33
f 28/53/34 297/55/34 7/9/34
f 383/56/35 73/57/35 339/58/35
f 49/59/36 26/60/36 14/61/36
f 31/62/37 30/63/37 29/64/37
f 358/65/38 78/66/38 355/67/38
f 403/68/39 33/69/39 360/70/39
f 60/71/40 35/72/40 33/69/40
f 61/73/41 37/74/41 35/72/41
f 37/74/42 59/75/42 38/76/42
f 59/75/43 369/77/43 38/76/43
f 38/76/44 42/78/44 37/74/44
f 35/72/45 40/79/45 33/69/45
f 38/76/46 376/80/46 43/81/46
f 33/69/47 371/82/47 360/70/47
f 37/74/48 41/83/48 35/72/48
f 40/79/49 77/84/49 377/85/49
f 43/81/50 46/86/50 42/78/50
f 40/79/51 45/87/51 44/88/51
f 376/80/52 47/89/52 43/81/52
f 42/78/53 45/87/53 41/83/53
f 32/90/54 44/88/54 45/87/54
f 31/62/55 77/84/55 44/88/55
f 355/67/56 69/91/56 383/56/56
f 29/64/57 48/38/57 49/59/57
f 32/90/58 46/86/58 53/92/58
f 45/87/59 46/86/59 32/90/59
f 50/93/60 290/94/60 28/53/60
f 51/95/61 289/96/61 50/93/61
f 52/97/62 291/98/62 51/95/62
f 382/99/63 294/100/63 52/97/63
f 28/53/64 53/92/64 50/93/64
f 53/92/65 299/54/65 32/90/65
f 53/92/66 51/95/66 50/93/66
f 66/101/67 56/102/67 65/103/67
f 52/97/68 65/103/68 47/89/68
f 65/103/69 57/104/69 58/105/69
f 58/105/70 51/95/70 46/86/70
f 46/86/71 47/89/71 58/105/71
f 58/105/72 47/89/72 65/103/72
f 36/106/73 62/107/73 61/73/73
f 59/75/74 62/107/74 39/108/74
f 403/68/75 34/109/75 60/71/75
f 399/110/76 39/108/76 370/111/76
f 61/73/77 34/109/77 36/106/77
f 404/112/78 39/108/78 36/106/78
f 361/113/79 36/106/79 34/109/79
f 54/114/80 52/97/80 51/95/80
f 63/115/81 66/116/81 54/114/81
f 66/117/82 64/118/82 55/119/82
f 57/104/83 54/114/83 58/105/83
f 57/104/84 55/120/84 63/115/84
f 74/31/85 331/121/85 67/122/85
f 49/59/86 73/57/86 69/91/86
f 72/123/87 327/124/87 75/29/87
f 341/125/88 71/126/88 177/127/88
f 75/29/89 329/128/89 74/31/89
f 67/122/90 334/129/90 70/130/90
f 334/129/91 73/57/91 107/131/91
f 71/126/92 335/132/92 72/123/92
f 76/133/93 29/64/93 78/66/93
f 76/133/94 377/85/94 77/84/94
f 78/66/95 49/59/95 69/91/95
f 114/134/96 105/135/96 73/136/96
f 119/137/97 82/138/97 104/139/97
f 116/140/98 14/141/98 83/142/98
f 14/61/99 84/52/99 83/51/99
f 9/143/100 117/144/100 83/142/100
f 117/144/101 113/145/101 83/142/101
f 81/146/102 99/147/102 97/148/102
f 82/138/103 87/149/103 81/146/103
f 85/150/104 80/151/104 79/152/104
f 87/149/105 98/153/105 99/147/105
f 88/154/106 91/155/106 87/149/106
f 89/156/107 86/157/107 85/150/107
f 95/158/108 273/159/108 98/153/108
f 92/160/109 95/158/109 91/155/109
f 93/161/110 90/162/110 89/156/110
f 85/163/111 97/148/111 99/147/111
f 93/164/112 98/153/112 100/165/112
f 89/166/113 99/147/113 98/153/113
f 97/148/114 102/167/114 101/168/114
f 79/152/115 105/135/115 103/169/115
f 106/170/116 104/139/116 81/146/116
f 101/168/117 117/144/117 106/170/117
f 106/170/118 97/148/118 101/168/118
f 102/167/119 79/171/119 103/172/119
f 105/135/120 107/173/120 73/136/120
f 80/151/121 109/174/121 105/135/121
f 88/175/122 111/176/122 112/177/122
f 92/178/123 112/177/123 110/179/123
f 96/180/124 110/179/124 108/181/124
f 112/177/125 90/162/125 110/179/125
f 109/174/126 70/182/126 107/173/126
f 110/179/127 94/183/127 266/184/127
f 111/176/128 70/182/128 109/174/128
f 111/176/129 86/157/129 112/177/129
f 115/185/130 106/170/130 117/144/130
f 83/142/131 113/145/131 116/140/131
f 116/140/132 103/172/132 114/186/132
f 113/145/133 102/167/133 116/140/133
f 118/32/134 70/130/134 119/30/134
f 122/187/135 93/164/135 100/165/135
f 93/161/136 121/188/136 94/183/136
f 125/189/137 120/190/137 122/187/137
f 120/191/138 124/192/138 121/188/138
f 128/193/139 123/194/139 125/189/139
f 123/195/140 127/196/140 124/192/140
f 100/165/141 130/197/141 122/187/141
f 122/187/142 130/197/142 125/189/142
f 131/198/143 129/199/143 130/197/143
f 125/189/144 129/199/144 134/200/144
f 95/158/145 274/201/145 273/159/145
f 131/198/146 272/202/146 129/199/146
f 95/158/147 271/203/147 272/202/147
f 129/199/148 271/203/148 270/204/148
f 127/196/149 269/205/149 133/206/149
f 96/180/150 108/181/150 275/207/150
f 124/192/151 265/208/151 121/188/151
f 129/199/152 269/209/152 134/200/152
f 121/188/153 267/210/153 94/183/153
f 108/181/154 268/211/154 132/212/154
f 132/212/155 267/210/155 133/206/155
f 127/196/156 133/206/156 264/213/156
f 137/214/157 148/215/157 135/216/157
f 479/217/158 280/218/158 342/219/158
f 136/220/159 16/17/159 18/41/159
f 481/221/160 286/222/160 479/217/160
f 483/223/161 279/224/161 481/221/161
f 485/225/162 282/226/162 483/223/162
f 487/227/163 281/228/163 485/225/163
f 489/229/164 283/230/164 487/227/164
f 489/229/165 285/231/165 284/232/165
f 139/233/166 145/234/166 146/235/166
f 493/236/167 142/237/167 285/231/167
f 141/238/168 143/239/168 144/240/168
f 495/241/169 143/239/169 493/236/169
f 140/242/170 144/240/170 145/234/170
f 497/243/171 144/240/171 495/241/171
f 497/243/172 146/235/172 145/234/172
f 501/244/173 146/235/173 499/245/173
f 139/233/174 146/235/174 138/246/174
f 138/246/175 147/247/175 137/214/175
f 502/248/176 68/34/176 148/215/176
f 68/34/177 23/28/177 148/215/177
f 136/220/178 137/214/178 135/216/178
f 147/247/179 148/215/179 137/214/179
f 501/244/180 148/215/180 147/247/180
f 148/215/181 501/244/181 502/248/181
f 149/36/182 160/249/182 154/250/182
f 160/251/183 153/252/183 154/253/183
f 154/253/184 71/126/184 72/123/184
f 151/254/185 15/12/185 17/11/185
f 71/126/186 174/255/186 177/127/186
f 10/14/187 154/250/187 72/123/187
f 164/256/188 157/257/188 158/258/188
f 159/259/189 173/260/189 176/261/189
f 157/257/190 150/262/190 151/254/190
f 153/252/191 176/261/191 174/255/191
f 158/258/192 151/254/192 152/33/192
f 150/262/193 155/263/193 149/36/193
f 163/264/194 168/265/194 162/266/194
f 161/267/195 172/268/195 166/269/195
f 156/270/196 161/267/196 155/263/196
f 166/271/197 159/259/197 160/251/197
f 161/267/198 160/249/198 155/263/198
f 163/264/199 156/270/199 157/257/199
f 170/272/200 180/273/200 169/274/200
f 182/275/201 175/276/201 171/277/201
f 171/277/202 173/260/202 165/278/202
f 170/272/203 163/264/203 164/256/203
f 162/266/204 167/279/204 161/267/204
f 172/280/205 165/278/205 166/271/205
f 158/281/206 174/255/206 176/261/206
f 175/276/207 164/282/207 173/260/207
f 164/282/208 176/261/208 173/260/208
f 152/283/209 177/127/209 174/255/209
f 187/284/210 179/285/210 180/273/210
f 178/286/211 190/287/211 183/288/211
f 168/265/212 178/286/212 167/279/212
f 183/289/213 171/277/213 172/280/213
f 167/279/214 183/288/214 172/268/214
f 169/274/215 179/285/215 168/265/215
f 184/290/216 170/291/216 175/276/216
f 197/292/217 189/293/217 190/294/217
f 186/295/218 192/296/218 185/297/218
f 182/275/219 191/298/219 184/290/219
f 184/290/220 188/299/220 181/300/220
f 188/301/221 180/273/221 181/302/221
f 179/285/222 185/297/222 178/286/222
f 190/294/223 182/275/223 183/289/223
f 198/303/224 259/304/224 195/305/224
f 196/306/225 262/304/225 198/303/225
f 185/297/226 197/307/226 190/287/226
f 194/308/227 186/295/227 187/284/227
f 189/293/228 198/303/228 191/298/228
f 191/298/229 195/305/229 188/299/229
f 188/301/230 194/308/230 187/284/230
f 206/309/231 204/309/231 199/310/231
f 204/309/232 210/311/232 203/312/232
f 195/313/233 201/309/233 194/308/233
f 193/314/234 261/315/234 192/296/234
f 263/316/235 196/306/235 197/292/235
f 192/296/236 263/317/236 197/307/236
f 201/309/237 193/314/237 194/308/237
f 214/318/238 206/309/238 207/310/238
f 216/311/239 208/318/239 209/312/239
f 201/309/240 207/310/240 200/319/240
f 203/312/241 212/312/241 205/311/241
f 205/311/242 209/312/242 202/311/242
f 202/311/243 208/318/243 201/309/243
f 207/310/244 199/310/244 200/319/244
f 217/311/245 226/311/245 219/312/245
f 215/318/246 247/318/246 248/318/246
f 218/318/247 210/311/247 211/309/247
f 206/309/248 218/318/248 211/309/248
f 215/318/249 248/318/249 207/310/249
f 210/311/250 219/312/250 212/312/250
f 212/312/251 216/312/251 209/312/251
f 223/320/252 226/321/252 221/322/252
f 224/323/253 220/324/253 221/322/253
f 226/311/254 257/325/254 216/312/254
f 223/325/255 215/318/255 216/311/255
f 214/318/256 221/318/256 220/318/256
f 218/318/257 224/309/257 217/311/257
f 213/309/258 225/318/258 218/318/258
f 227/326/259 225/327/259 220/328/259
f 229/329/260 228/330/260 227/326/260
f 231/331/261 230/332/261 229/329/261
f 250/333/262 234/334/262 232/335/262
f 233/336/263 236/337/263 234/334/263
f 237/338/264 236/337/264 235/339/264
f 239/340/265 238/341/265 237/338/265
f 240/342/266 239/340/266 222/343/266
f 245/344/267 220/328/267 221/345/267
f 247/318/268 214/318/268 248/318/268
f 246/346/269 227/326/269 245/344/269
f 229/329/270 246/346/270 231/331/270
f 231/331/271 251/347/271 250/333/271
f 251/347/272 235/339/272 233/336/272
f 235/339/273 254/348/273 237/338/273
f 237/338/274 254/348/274 252/349/274
f 237/338/275 253/350/275 239/340/275
f 228/351/276 224/352/276 225/353/276
f 230/354/277 242/355/277 228/351/277
f 232/356/278 241/357/278 258/358/278
f 234/359/279 241/357/279 232/356/279
f 236/360/280 241/357/280 234/359/280
f 242/355/281 244/361/281 243/362/281
f 242/355/282 243/362/282 256/363/282
f 242/355/283 241/357/283 255/364/283
f 236/360/284 243/362/284 244/361/284
f 238/365/285 257/366/285 226/367/285
f 243/362/286 238/365/286 226/367/286
f 247/368/287 253/350/287 252/349/287
f 251/347/288 246/346/288 249/369/288
f 249/369/289 245/344/289 254/348/289
f 245/344/290 247/368/290 252/349/290
f 251/347/291 233/336/291 250/333/291
f 236/360/292 255/364/292 241/357/292
f 243/362/293 226/367/293 256/363/293
f 256/363/294 224/352/294 242/355/294
f 226/367/295 224/352/295 256/363/295
f 257/366/296 240/370/296 223/371/296
f 258/358/297 230/354/297 232/356/297
f 258/358/298 241/357/298 242/355/298
f 200/319/299 199/310/299 261/315/299
f 262/304/300 202/311/300 259/304/300
f 204/309/301 260/372/301 263/316/301
f 260/372/302 205/311/302 262/304/302
f 199/310/303 263/317/303 261/315/303
f 259/312/304 202/311/304 201/309/304
f 220/318/305 213/309/305 214/318/305
f 265/208/306 133/206/306 267/210/306
f 268/211/307 266/184/307 94/183/307
f 264/213/308 133/206/308 265/208/308
f 268/211/309 94/183/309 267/210/309
f 264/213/310 124/192/310 127/196/310
f 270/373/311 275/207/311 132/212/311
f 132/212/312 269/205/312 270/373/312
f 128/193/313 269/209/313 126/374/313
f 270/204/314 271/203/314 277/375/314
f 131/198/145 273/159/145 274/201/145
f 274/201/146 95/158/146 272/202/146
f 272/202/147 271/203/147 129/199/147
f 275/207/315 276/376/315 96/180/315
f 275/207/316 108/181/316 132/212/316
f 276/376/317 277/377/317 96/180/317
f 96/378/318 277/375/318 271/203/318
f 277/377/319 276/376/319 270/373/319
f 135/216/320 148/215/320 16/17/320
f 16/17/321 148/215/321 23/28/321
f 283/230/322 139/233/322 281/228/322
f 279/224/323 136/220/323 286/222/323
f 284/232/324 140/242/324 283/230/324
f 282/226/325 137/214/325 279/224/325
f 280/218/326 136/220/326 18/41/326
f 284/232/327 142/237/327 141/238/327
f 280/218/328 336/379/328 342/219/328
f 281/228/329 138/246/329 282/226/329
f 287/50/330 338/380/330 292/45/330
f 290/94/331 332/381/331 297/55/331
f 291/98/332 387/382/332 289/96/332
f 288/37/333 330/383/333 293/35/333
f 295/42/334 337/384/334 287/50/334
f 295/42/335 328/385/335 326/386/335
f 294/100/336 389/387/336 291/98/336
f 297/55/337 333/388/337 288/37/337
f 289/96/338 354/389/338 290/94/338
f 292/45/339 336/379/339 278/40/339
f 293/35/340 328/385/340 296/390/340
f 298/2/341 21/21/341 306/4/341
f 301/24/342 1/1/342 12/44/342
f 302/39/343 32/90/343 299/54/343
f 302/39/344 7/9/344 303/8/344
f 305/391/345 13/43/345 11/19/345
f 306/4/346 27/23/346 304/6/346
f 304/6/347 84/52/347 26/60/347
f 307/27/348 12/44/348 13/43/348
f 300/20/349 25/25/349 298/2/349
f 308/392/350 653/393/350 655/394/350
f 310/395/351 661/396/351 653/393/351
f 312/397/352 659/398/352 661/396/352
f 315/399/353 658/400/353 659/398/353
f 324/401/354 343/402/354 322/403/354
f 322/403/355 344/404/355 317/405/355
f 317/405/356 346/406/356 309/407/356
f 318/408/357 348/409/357 323/410/357
f 344/404/358 655/394/358 346/406/358
f 345/411/359 316/412/359 313/413/359
f 343/402/360 656/414/360 344/404/360
f 349/415/361 313/413/361 311/416/361
f 348/409/362 662/417/362 343/402/362
f 347/418/363 348/409/363 324/401/363
f 349/415/364 309/407/364 346/406/364
f 317/405/365 417/419/365 414/420/365
f 313/413/366 461/421/366 460/422/366
f 313/413/367 460/422/367 416/423/367
f 324/401/368 507/424/368 410/425/368
f 310/395/369 648/426/369 312/397/369
f 322/403/370 504/427/370 505/428/370
f 314/429/371 643/430/371 652/431/371
f 658/400/372 356/432/372 384/433/372
f 325/434/373 633/435/373 318/408/373
f 310/395/374 650/436/374 651/437/374
f 320/438/375 633/435/375 647/439/375
f 319/440/376 647/439/376 642/441/376
f 315/399/377 648/426/377 643/430/377
f 309/407/378 416/423/378 417/419/378
f 461/442/379 449/443/379 321/444/379
f 308/392/380 642/441/380 650/436/380
f 351/445/381 425/446/381 316/412/381
f 352/447/382 654/448/382 657/449/382
f 652/431/383 352/447/383 314/429/383
f 415/450/384 383/451/384 339/452/384
f 350/453/385 385/454/385 321/455/385
f 356/432/386 357/456/386 353/457/386
f 420/458/387 358/459/387 355/460/387
f 362/461/388 403/462/388 360/463/388
f 364/464/389 400/465/389 362/461/389
f 366/466/390 401/467/390 364/464/390
f 366/466/391 398/468/391 402/469/391
f 369/470/392 398/468/392 367/471/392
f 374/472/393 367/471/393 366/466/393
f 372/473/394 364/464/394 362/461/394
f 367/471/395 376/474/395 369/470/395
f 371/475/396 362/461/396 360/463/396
f 373/476/397 366/466/397 364/464/397
f 377/477/398 419/478/398 372/473/398
f 380/479/399 375/480/399 374/472/399
f 372/473/400 379/481/400 373/476/400
f 381/482/401 376/474/401 375/480/401
f 379/481/402 374/472/402 373/476/402
f 359/483/403 378/484/403 357/456/403
f 357/456/404 419/478/404 418/485/404
f 411/486/405 355/460/405 383/451/405
f 384/433/406 353/457/406 385/454/406
f 359/483/407 392/487/407 380/479/407
f 379/481/408 359/483/408 380/479/408
f 645/488/409 386/489/409 352/447/409
f 644/490/410 388/491/410 386/489/410
f 646/492/411 390/493/411 388/491/411
f 390/493/412 649/494/412 382/495/412
f 352/447/413 386/489/413 392/487/413
f 392/487/414 654/448/414 352/447/414
f 388/491/415 392/487/415 386/489/415
f 395/496/416 408/497/416 407/498/416
f 407/498/417 390/493/417 381/482/417
f 396/499/418 407/498/418 397/500/418
f 388/491/419 397/500/419 380/479/419
f 380/479/420 397/500/420 381/482/420
f 397/500/421 407/498/421 381/482/421
f 402/469/422 365/501/422 401/467/422
f 398/468/423 368/502/423 402/469/423
f 363/503/424 403/462/424 400/465/424
f 399/504/425 368/502/425 398/468/425
f 401/467/426 363/503/426 400/465/426
f 404/505/427 368/502/427 370/506/427
f 361/507/428 365/501/428 404/505/428
f 390/493/429 393/508/429 388/491/429
f 408/509/430 405/510/430 393/508/430
f 408/511/431 406/512/431 390/513/431
f 393/508/432 396/499/432 397/500/432
f 394/514/433 396/499/433 405/510/433
f 416/423/434 331/515/434 329/516/434
f 415/450/435 385/454/435 411/486/435
f 414/420/436 327/517/436 335/518/436
f 532/519/437 340/520/437 341/521/437
f 417/419/438 329/516/438 327/517/438
f 409/522/439 334/523/439 331/515/439
f 449/524/440 339/452/440 334/523/440
f 413/525/441 335/518/441 340/520/441
f 418/485/442 353/457/442 357/456/442
f 418/485/443 377/477/443 358/459/443
f 420/458/444 385/454/444 353/457/444
f 415/526/445 445/527/445 456/528/445
f 446/529/446 424/530/446 461/531/446
f 321/532/447 458/533/447 425/534/447
f 426/535/448 321/455/448 425/446/448
f 459/536/449 316/537/449 425/534/449
f 459/536/450 425/534/450 455/538/450
f 423/539/451 441/540/451 429/541/451
f 429/541/452 424/530/452 423/539/452
f 422/542/453 427/543/453 421/544/453
f 429/541/454 440/545/454 433/546/454
f 433/546/455 430/547/455 429/541/455
f 428/548/456 431/549/456 427/543/456
f 440/545/457 628/550/457 437/551/457
f 437/551/458 434/552/458 433/546/458
f 432/553/459 435/554/459 431/549/459
f 439/555/460 427/556/460 441/540/460
f 440/545/461 435/557/461 442/558/461
f 441/540/462 431/559/462 440/545/462
f 439/555/463 444/560/463 421/561/463
f 447/562/464 421/544/464 445/527/464
f 448/563/465 423/539/465 446/529/465
f 443/564/466 459/536/466 455/538/466
f 448/563/467 439/555/467 423/539/467
f 444/560/468 445/565/468 421/561/468
f 447/562/469 449/566/469 451/567/469
f 422/542/470 451/567/470 453/568/470
f 430/569/471 453/568/471 424/570/471
f 434/571/472 454/572/472 430/569/472
f 438/573/473 452/574/473 434/571/473
f 432/553/474 454/572/474 452/574/474
f 451/567/475 449/566/475 412/575/475
f 621/576/476 432/553/476 452/574/476
f 453/568/477 412/575/477 424/570/477
f 428/548/478 453/568/478 454/572/478
f 448/563/479 457/577/479 459/536/479
f 425/534/480 458/533/480 455/538/480
f 458/533/481 445/565/481 444/560/481
f 444/560/482 455/538/482 458/533/482
f 460/422/483 412/578/483 409/522/483
f 435/557/484 464/579/484 442/558/484
f 435/554/485 463/580/485 462/581/485
f 462/582/486 467/583/486 464/579/486
f 462/581/487 466/584/487 465/585/487
f 465/586/488 470/587/488 467/583/488
f 465/585/489 469/588/489 468/589/489
f 442/558/490 472/590/490 473/591/490
f 464/579/491 467/583/491 472/590/491
f 473/591/492 472/590/492 471/592/492
f 476/593/493 472/590/493 467/583/493
f 437/551/494 628/550/494 629/594/494
f 473/591/495 627/595/495 629/594/495
f 437/551/496 626/596/496 438/597/496
f 471/592/497 625/598/497 626/596/497
f 469/588/498 624/599/498 468/589/498
f 438/573/499 630/600/499 450/601/499
f 466/584/500 620/602/500 619/603/500
f 624/604/501 471/592/501 476/593/501
f 463/580/502 622/605/502 620/602/502
f 450/601/503 623/606/503 621/576/503
f 622/605/504 474/607/504 475/608/504
f 469/588/505 619/603/505 475/608/505
f 480/609/506 477/610/506 503/611/506
f 635/612/507 479/613/507 342/614/507
f 323/410/508 478/615/508 325/434/508
f 641/616/509 481/617/509 479/613/509
f 634/618/510 483/619/510 481/617/510
f 637/620/511 485/621/511 483/619/511
f 636/622/512 487/623/512 485/621/512
f 638/624/513 489/625/513 487/623/513
f 489/625/514 640/626/514 491/627/514
f 484/628/515 496/629/515 486/630/515
f 640/626/516 492/631/516 493/632/516
f 488/633/517 492/631/517 490/634/517
f 492/631/518 495/635/518 493/632/518
f 486/630/519 494/636/519 488/633/519
f 494/636/520 497/637/520 495/635/520
f 497/637/521 498/638/521 499/639/521
f 498/638/522 501/640/522 499/639/522
f 484/628/523 482/641/523 498/638/523
f 500/642/524 482/641/524 480/609/524
f 502/643/525 410/425/525 341/521/525
f 410/425/526 347/418/526 324/401/526
f 478/615/527 477/610/527 480/609/527
f 500/642/528 480/609/528 503/611/528
f 501/640/529 500/642/529 503/611/529
f 503/611/530 502/643/530 501/640/530
f 504/427/531 515/644/531 510/645/531
f 508/646/532 515/647/532 509/648/532
f 413/525/533 509/648/533 414/420/533
f 322/403/534 506/649/534 324/401/534
f 413/525/535 529/650/535 508/646/535
f 317/405/536 509/651/536 504/427/536
f 512/652/537 519/653/537 513/654/537
f 514/655/538 528/656/538 520/657/538
f 505/428/539 512/652/539 506/649/539
f 508/646/540 531/658/540 514/655/540
f 506/649/541 513/654/541 507/424/541
f 505/428/542 510/645/542 511/659/542
f 518/660/543 523/661/543 524/662/543
f 516/663/544 527/664/544 522/665/544
f 511/659/545 516/663/545 517/666/545
f 514/655/546 521/667/546 515/647/546
f 515/644/547 516/663/547 510/645/547
f 511/659/548 518/660/548 512/652/548
f 525/668/549 535/669/549 536/670/549
f 530/671/550 537/672/550 526/673/550
f 528/656/551 526/673/551 520/657/551
f 518/660/552 525/668/552 519/653/552
f 517/666/553 522/665/553 523/661/553
f 520/657/554 527/674/554 521/667/554
f 529/650/555 513/675/555 531/658/555
f 530/671/556 519/676/556 525/677/556
f 531/658/557 519/676/557 528/656/557
f 532/519/558 507/678/558 529/650/558
f 534/679/559 542/680/559 535/669/559
f 533/681/560 545/682/560 540/683/560
f 523/661/561 533/681/561 534/679/561
f 526/673/562 538/684/562 527/674/562
f 522/665/563 538/685/563 533/681/563
f 524/662/564 534/679/564 535/669/564
f 525/677/565 539/686/565 530/671/565
f 544/687/566 552/688/566 545/689/566
f 541/690/567 547/691/567 548/692/567
f 537/672/568 546/693/568 544/687/568
f 539/686/569 543/694/569 546/693/569
f 535/669/570 543/695/570 536/670/570
f 534/679/571 540/683/571 541/690/571
f 537/672/572 545/689/572 538/684/572
f 553/696/573 614/697/573 617/697/573
f 551/698/574 617/697/574 615/699/574
f 540/683/575 552/700/575 547/691/575
f 541/690/576 549/701/576 542/680/576
f 544/687/577 553/696/577 551/698/577
f 546/693/578 550/702/578 553/696/578
f 543/695/579 549/701/579 550/703/579
f 559/704/580 561/704/580 554/703/580
f 559/704/581 565/704/581 566/704/581
f 550/703/582 556/704/582 614/699/582
f 548/692/583 616/703/583 555/703/583
f 551/698/584 618/699/584 552/688/584
f 547/691/585 618/703/585 616/703/585
f 548/692/586 556/704/586 549/701/586
f 561/704/587 569/704/587 562/704/587
f 563/704/588 571/704/588 564/704/588
f 556/704/589 562/704/589 563/704/589
f 558/699/590 567/699/590 565/704/590
f 560/699/591 564/704/591 567/699/591
f 557/704/592 563/704/592 564/704/592
f 554/703/593 562/704/593 555/703/593
f 572/704/594 581/704/594 579/704/594
f 570/704/595 602/704/595 577/704/595
f 565/704/596 573/704/596 566/704/596
f 561/704/597 573/704/597 568/704/597
f 562/704/598 603/704/598 570/704/598
f 565/704/599 574/699/599 572/704/599
f 567/699/600 571/704/600 574/699/600
f 602/705/601 579/706/601 612/707/601
f 575/708/602 579/706/602 576/709/602
f 571/704/603 612/704/603 581/704/603
f 570/704/604 578/704/604 571/704/604
f 569/704/605 575/704/605 576/704/605
f 573/704/606 579/704/606 580/704/606
f 568/704/607 580/704/607 575/704/607
f 580/710/608 582/711/608 575/712/608
f 583/713/609 584/714/609 582/711/609
f 585/715/610 586/716/610 584/714/610
f 587/717/611 588/718/611 605/719/611
f 588/718/612 591/720/612 590/721/612
f 591/720/613 592/722/613 590/721/613
f 593/723/614 594/724/614 592/722/614
f 577/725/615 594/724/615 595/726/615
f 600/727/616 575/712/616 582/711/616
f 602/704/617 569/704/617 576/704/617
f 601/728/618 582/711/618 584/714/618
f 584/714/619 586/716/619 601/728/619
f 586/716/620 606/729/620 601/728/620
f 590/721/621 606/729/621 588/718/621
f 590/721/622 609/730/622 604/731/622
f 592/722/623 607/732/623 609/730/623
f 608/733/624 592/722/624 594/724/624
f 583/734/625 579/735/625 597/736/625
f 585/737/626 597/736/626 613/738/626
f 587/739/627 613/738/627 596/740/627
f 589/741/628 587/739/628 596/740/628
f 591/742/629 589/741/629 596/740/629
f 597/736/630 599/743/630 610/744/630
f 597/736/631 611/745/631 598/746/631
f 597/736/632 610/744/632 596/740/632
f 591/742/633 598/746/633 593/747/633
f 593/747/634 581/748/634 612/749/634
f 598/746/635 581/748/635 593/747/635
f 608/733/636 602/750/636 607/732/636
f 606/729/637 604/731/637 601/728/637
f 604/731/638 600/727/638 601/728/638
f 607/732/639 576/751/639 600/727/639
f 606/729/640 605/719/640 588/718/640
f 610/744/641 591/742/641 596/740/641
f 598/746/642 611/745/642 581/748/642
f 611/745/643 597/736/643 579/735/643
f 581/748/644 611/745/644 579/735/644
f 612/749/645 595/752/645 593/747/645
f 613/738/646 587/739/646 585/737/646
f 613/738/647 597/736/647 596/740/647
f 555/703/648 616/703/648 554/703/648
f 617/697/649 557/699/649 560/699/649
f 615/699/650 559/704/650 618/699/650
f 615/699/651 560/699/651 558/699/651
f 618/703/652 554/703/652 616/703/652
f 614/699/582 556/704/582 557/704/582
f 575/704/653 569/704/653 568/704/653
f 620/602/654 622/605/654 475/608/654
f 623/606/655 436/753/655 621/576/655
f 619/603/656 620/602/656 475/608/656
f 623/606/657 622/605/657 436/753/657
f 619/603/658 469/588/658 466/584/658
f 630/600/659 625/754/659 474/607/659
f 624/599/660 474/607/660 625/754/660
f 624/604/661 470/587/661 468/755/661
f 625/598/662 632/756/662 626/596/662
f 628/550/494 473/591/494 629/594/494
f 629/594/495 627/595/495 437/551/495
f 627/595/663 471/592/663 626/596/663
f 630/600/664 438/573/664 631/757/664
f 630/600/665 474/607/665 450/601/665
f 631/757/666 438/573/666 632/758/666
f 438/597/667 626/596/667 632/756/667
f 632/758/668 625/754/668 631/757/668
f 477/610/669 323/410/669 503/611/669
f 323/410/670 347/418/670 503/611/670
f 484/628/671 638/624/671 636/622/671
f 478/615/672 634/618/672 641/616/672
f 486/630/673 639/759/673 638/624/673
f 480/609/674 637/620/674 634/618/674
f 635/612/675 478/615/675 641/616/675
f 639/759/676 490/634/676 640/626/676
f 635/612/677 336/760/677 633/435/677
f 482/641/678 636/622/678 637/620/678
f 338/761/679 642/441/679 647/439/679
f 332/762/680 645/488/680 652/431/680
f 387/763/681 646/492/681 644/490/681
f 330/764/682 643/430/682 648/426/682
f 337/765/683 650/436/683 642/441/683
f 650/436/684 328/766/684 651/437/684
f 389/767/685 649/494/685 646/492/685
f 333/768/686 652/431/686 643/430/686
f 354/769/687 644/490/687 645/488/687
f 336/760/688 647/439/688 633/435/688
f 328/766/689 648/426/689 651/437/689
f 345/411/690 653/393/690 661/396/690
f 656/414/691 308/392/691 655/394/691
f 359/483/692 657/449/692 654/448/692
f 314/429/693 657/449/693 658/400/693
f 660/770/694 320/438/694 662/417/694
f 351/445/695 661/396/695 659/398/695
f 350/453/696 351/445/696 659/398/696
f 662/417/697 319/440/697 656/414/697
f 349/415/698 655/394/698 653/393/698
f 1/1/699 300/20/699 298/2/699
f 3/3/700 298/2/700 306/4/700
f 5/5/701 306/4/701 304/6/701
f 8/7/702 304/6/702 303/8/702
f 19/10/703 24/18/703 17/11/703
f 20/13/704 19/10/704 15/12/704
f 22/15/705 20/13/705 10/14/705
f 11/19/706 18/41/706 16/17/706
f 16/17/707 23/28/707 24/18/707
f 24/18/708 305/391/708 11/19/708
f 300/20/709 301/24/709 20/13/709
f 21/21/710 6/26/710 9/22/710
f 301/24/711 307/27/711 19/10/711
f 25/25/712 4/46/712 6/26/712
f 307/27/713 305/391/713 24/18/713
f 2/16/714 4/46/714 25/25/714
f 10/14/715 72/123/715 75/29/715
f 6/26/716 118/32/716 119/30/716
f 6/26/717 4/46/717 74/31/717
f 74/31/18 67/122/18 118/32/18
f 152/33/718 151/254/718 17/11/718
f 293/35/719 296/390/719 3/3/719
f 15/12/720 150/262/720 149/36/720
f 7/9/721 297/55/721 288/37/721
f 303/8/722 26/60/722 48/38/722
f 48/38/723 30/63/723 302/39/723
f 278/40/724 280/218/724 18/41/724
f 3/3/725 296/390/725 295/42/725
f 13/43/726 292/45/726 278/40/726
f 12/44/727 287/50/727 292/45/727
f 8/7/728 288/37/728 293/35/728
f 2/16/729 75/29/729 74/31/729
f 119/771/730 9/772/730 83/47/730
f 83/47/731 14/773/731 73/48/731
f 73/48/732 107/774/732 70/49/732
f 70/49/733 119/771/733 83/47/733
f 1/1/734 295/42/734 287/50/734
f 27/23/735 9/22/735 83/51/735
f 28/53/736 290/94/736 297/55/736
f 383/56/737 69/91/737 73/57/737
f 49/59/738 48/38/738 26/60/738
f 31/62/739 32/90/739 30/63/739
f 358/65/740 76/133/740 78/66/740
f 403/68/741 60/71/741 33/69/741
f 60/71/742 61/73/742 35/72/742
f 61/73/743 62/107/743 37/74/743
f 37/74/744 62/107/744 59/75/744
f 59/75/745 399/110/745 369/77/745
f 38/76/746 43/81/746 42/78/746
f 35/72/747 41/83/747 40/79/747
f 38/76/748 369/77/748 376/80/748
f 33/69/749 40/79/749 371/82/749
f 37/74/750 42/78/750 41/83/750
f 377/85/751 371/82/751 40/79/751
f 40/79/752 44/88/752 77/84/752
f 43/81/753 47/89/753 46/86/753
f 40/79/754 41/83/754 45/87/754
f 376/80/755 382/99/755 47/89/755
f 42/78/756 46/86/756 45/87/756
f 32/90/757 31/62/757 44/88/757
f 31/62/758 76/133/758 77/84/758
f 355/67/759 78/66/759 69/91/759
f 29/64/760 30/63/760 48/38/760
f 50/93/761 289/96/761 290/94/761
f 51/95/762 291/98/762 289/96/762
f 52/97/763 294/100/763 291/98/763
f 52/97/764 47/89/764 382/99/764
f 382/99/765 391/775/765 294/100/765
f 53/92/766 28/53/766 299/54/766
f 53/92/767 46/86/767 51/95/767
f 66/101/768 55/120/768 56/102/768
f 52/97/769 66/101/769 65/103/769
f 65/103/770 56/102/770 57/104/770
f 58/105/771 54/114/771 51/95/771
f 36/106/772 39/108/772 62/107/772
f 403/68/773 361/113/773 34/109/773
f 399/110/774 59/75/774 39/108/774
f 61/73/775 60/71/775 34/109/775
f 404/112/776 370/111/776 39/108/776
f 361/113/777 404/112/777 36/106/777
f 54/114/778 66/116/778 52/97/778
f 63/115/779 55/120/779 66/116/779
f 66/117/780 52/776/780 64/118/780
f 57/104/781 63/115/781 54/114/781
f 57/104/782 56/102/782 55/120/782
f 74/31/783 329/128/783 331/121/783
f 49/59/784 14/61/784 73/57/784
f 72/123/785 335/132/785 327/124/785
f 177/127/786 68/34/786 341/125/786
f 341/125/787 340/777/787 71/126/787
f 75/29/788 327/124/788 329/128/788
f 67/122/789 331/121/789 334/129/789
f 107/131/790 70/130/790 334/129/790
f 334/129/791 339/58/791 73/57/791
f 71/126/792 340/777/792 335/132/792
f 76/133/793 31/62/793 29/64/793
f 76/133/794 358/65/794 377/85/794
f 78/66/795 29/64/795 49/59/795
f 73/136/796 14/778/796 114/134/796
f 114/134/797 103/169/797 105/135/797
f 115/185/798 9/143/798 119/137/798
f 119/137/799 70/779/799 82/138/799
f 82/138/800 81/146/800 104/139/800
f 104/139/798 115/185/798 119/137/798
f 116/140/132 114/186/132 14/141/132
f 14/61/801 26/60/801 84/52/801
f 9/143/802 115/185/802 117/144/802
f 81/146/803 87/149/803 99/147/803
f 82/138/804 88/154/804 87/149/804
f 85/150/805 86/157/805 80/151/805
f 87/149/806 91/155/806 98/153/806
f 88/154/807 92/160/807 91/155/807
f 89/156/808 90/162/808 86/157/808
f 98/153/809 91/155/809 95/158/809
f 273/159/108 100/165/108 98/153/108
f 92/160/810 96/378/810 95/158/810
f 93/161/811 94/183/811 90/162/811
f 85/163/812 79/171/812 97/148/812
f 93/164/813 89/166/813 98/153/813
f 89/166/814 85/163/814 99/147/814
f 97/148/815 79/171/815 102/167/815
f 79/152/816 80/151/816 105/135/816
f 101/168/817 113/145/817 117/144/817
f 106/170/818 81/146/818 97/148/818
f 105/135/819 109/174/819 107/173/819
f 80/151/820 111/176/820 109/174/820
f 88/175/821 82/780/821 111/176/821
f 92/178/822 88/175/822 112/177/822
f 96/180/823 92/178/823 110/179/823
f 112/177/824 86/157/824 90/162/824
f 266/184/825 108/181/825 110/179/825
f 110/179/826 90/162/826 94/183/826
f 111/176/827 82/780/827 70/182/827
f 111/176/828 80/151/828 86/157/828
f 115/185/829 104/139/829 106/170/829
f 116/140/830 102/167/830 103/172/830
f 113/145/831 101/168/831 102/167/831
f 118/32/832 67/122/832 70/130/832
f 122/187/833 120/190/833 93/164/833
f 93/161/834 120/191/834 121/188/834
f 125/189/835 123/194/835 120/190/835
f 120/191/836 123/195/836 124/192/836
f 128/193/837 126/374/837 123/194/837
f 123/195/838 126/781/838 127/196/838
f 100/165/839 131/198/839 130/197/839
f 134/200/840 128/193/840 125/189/840
f 125/189/841 130/197/841 129/199/841
f 131/198/146 274/201/146 272/202/146
f 95/158/842 96/378/842 271/203/842
f 127/196/843 126/781/843 269/205/843
f 124/192/844 264/213/844 265/208/844
f 129/199/845 270/204/845 269/209/845
f 121/188/846 265/208/846 267/210/846
f 108/181/847 266/184/847 268/211/847
f 132/212/848 268/211/848 267/210/848
f 479/217/849 286/222/849 280/218/849
f 136/220/850 135/216/850 16/17/850
f 481/221/851 279/224/851 286/222/851
f 483/223/852 282/226/852 279/224/852
f 485/225/853 281/228/853 282/226/853
f 487/227/854 283/230/854 281/228/854
f 489/229/855 284/232/855 283/230/855
f 489/229/856 491/782/856 285/231/856
f 139/233/857 140/242/857 145/234/857
f 285/231/858 491/782/858 493/236/858
f 493/236/859 143/239/859 142/237/859
f 141/238/860 142/237/860 143/239/860
f 495/241/861 144/240/861 143/239/861
f 140/242/862 141/238/862 144/240/862
f 497/243/863 145/234/863 144/240/863
f 497/243/864 499/245/864 146/235/864
f 501/244/865 147/247/865 146/235/865
f 138/246/866 146/235/866 147/247/866
f 502/248/867 341/125/867 68/34/867
f 68/34/868 17/11/868 23/28/868
f 149/36/869 155/263/869 160/249/869
f 160/251/870 159/259/870 153/252/870
f 154/253/871 153/252/871 71/126/871
f 151/254/872 150/262/872 15/12/872
f 71/126/873 153/252/873 174/255/873
f 10/14/874 149/36/874 154/250/874
f 164/256/875 163/264/875 157/257/875
f 159/259/876 165/278/876 173/260/876
f 157/257/877 156/270/877 150/262/877
f 153/252/878 159/259/878 176/261/878
f 158/258/879 157/257/879 151/254/879
f 150/262/880 156/270/880 155/263/880
f 163/264/881 169/274/881 168/265/881
f 161/267/195 167/279/195 172/268/195
f 156/270/882 162/266/882 161/267/882
f 166/271/197 165/278/197 159/259/197
f 161/267/883 166/269/883 160/249/883
f 163/264/884 162/266/884 156/270/884
f 170/272/885 181/302/885 180/273/885
f 182/275/886 184/290/886 175/276/886
f 171/277/887 175/276/887 173/260/887
f 170/272/888 169/274/888 163/264/888
f 162/266/889 168/265/889 167/279/889
f 172/280/205 171/277/205 165/278/205
f 158/281/890 152/283/890 174/255/890
f 175/276/891 170/291/891 164/282/891
f 164/282/892 158/281/892 176/261/892
f 152/283/893 68/34/893 177/127/893
f 187/284/894 186/295/894 179/285/894
f 178/286/895 185/297/895 190/287/895
f 168/265/896 179/285/896 178/286/896
f 183/289/213 182/275/213 171/277/213
f 167/279/214 178/286/214 183/288/214
f 169/274/897 180/273/897 179/285/897
f 184/290/898 181/300/898 170/291/898
f 197/292/899 196/306/899 189/293/899
f 186/295/900 193/314/900 192/296/900
f 182/275/901 189/293/901 191/298/901
f 184/290/902 191/298/902 188/299/902
f 188/301/903 187/284/903 180/273/903
f 179/285/904 186/295/904 185/297/904
f 190/294/905 189/293/905 182/275/905
f 198/303/906 262/304/906 259/304/906
f 196/306/907 260/372/907 262/304/907
f 185/297/908 192/296/908 197/307/908
f 194/308/909 193/314/909 186/295/909
f 189/293/910 196/306/910 198/303/910
f 191/298/911 198/303/911 195/305/911
f 188/301/912 195/313/912 194/308/912
f 206/309/913 211/309/913 204/309/913
f 204/309/914 211/309/914 210/311/914
f 195/313/304 259/312/304 201/309/304
f 193/314/915 200/319/915 261/315/915
f 263/316/916 260/372/916 196/306/916
f 192/296/917 261/315/917 263/317/917
f 201/309/918 200/319/918 193/314/918
f 214/318/919 213/309/919 206/309/919
f 216/311/920 215/318/920 208/318/920
f 201/309/921 208/318/921 207/310/921
f 203/312/922 210/311/922 212/312/922
f 205/311/923 212/312/923 209/312/923
f 202/311/924 209/312/924 208/318/924
f 207/310/925 206/309/925 199/310/925
f 217/311/926 224/309/926 226/311/926
f 215/318/927 222/325/927 247/318/927
f 218/318/928 217/311/928 210/311/928
f 206/309/929 213/309/929 218/318/929
f 207/310/930 208/318/930 215/318/930
f 248/318/931 214/318/931 207/310/931
f 210/311/932 217/311/932 219/312/932
f 212/312/933 219/312/933 216/312/933
f 247/783/934 222/784/934 223/320/934
f 223/320/935 257/785/935 226/321/935
f 226/321/936 224/323/936 221/322/936
f 221/322/937 247/783/937 223/320/937
f 224/323/938 225/786/938 220/324/938
f 216/312/939 219/312/939 226/311/939
f 257/325/940 223/325/940 216/312/940
f 223/325/941 222/325/941 215/318/941
f 218/318/942 225/318/942 224/309/942
f 213/309/943 220/318/943 225/318/943
f 227/326/944 228/330/944 225/327/944
f 229/329/945 230/332/945 228/330/945
f 231/331/946 232/335/946 230/332/946
f 232/335/262 231/331/262 250/333/262
f 250/333/262 233/336/262 234/334/262
f 233/336/947 235/339/947 236/337/947
f 237/338/948 238/341/948 236/337/948
f 239/340/949 240/342/949 238/341/949
f 222/343/950 223/787/950 240/342/950
f 239/340/951 253/350/951 222/343/951
f 245/344/952 227/326/952 220/328/952
f 247/318/953 221/318/953 214/318/953
f 246/346/954 229/329/954 227/326/954
f 231/331/955 246/346/955 251/347/955
f 251/347/956 249/369/956 235/339/956
f 235/339/957 249/369/957 254/348/957
f 237/338/958 252/349/958 253/350/958
f 228/351/959 242/355/959 224/352/959
f 230/354/960 258/358/960 242/355/960
f 242/355/961 255/364/961 244/361/961
f 236/360/962 238/365/962 243/362/962
f 247/368/963 222/343/963 253/350/963
f 249/369/964 246/346/964 245/344/964
f 252/349/965 254/348/965 245/344/965
f 245/344/966 221/345/966 247/368/966
f 236/360/967 244/361/967 255/364/967
f 257/366/968 238/365/968 240/370/968
f 262/304/969 205/311/969 202/311/969
f 204/309/970 203/312/970 260/372/970
f 260/372/971 203/312/971 205/311/971
f 199/310/972 204/309/972 263/317/972
f 270/373/973 276/376/973 275/207/973
f 132/212/974 133/206/974 269/205/974
f 128/193/975 134/200/975 269/209/975
f 131/198/145 100/165/145 273/159/145
f 283/230/976 140/242/976 139/233/976
f 279/224/977 137/214/977 136/220/977
f 284/232/978 141/238/978 140/242/978
f 282/226/979 138/246/979 137/214/979
f 280/218/980 286/222/980 136/220/980
f 284/232/981 285/231/981 142/237/981
f 280/218/982 278/40/982 336/379/982
f 281/228/983 139/233/983 138/246/983
f 287/50/984 337/384/984 338/380/984
f 290/94/985 354/389/985 332/381/985
f 291/98/986 389/387/986 387/382/986
f 288/37/987 333/388/987 330/383/987
f 295/42/988 326/386/988 337/384/988
f 295/42/989 296/390/989 328/385/989
f 294/100/990 391/775/990 389/387/990
f 297/55/991 332/381/991 333/388/991
f 289/96/992 387/382/992 354/389/992
f 292/45/993 338/380/993 336/379/993
f 293/35/994 330/383/994 328/385/994
f 298/2/995 25/25/995 21/21/995
f 301/24/996 300/20/996 1/1/996
f 302/39/997 30/63/997 32/90/997
f 302/39/998 28/53/998 7/9/998
f 305/391/999 307/27/999 13/43/999
f 306/4/1000 21/21/1000 27/23/1000
f 26/60/1001 303/8/1001 304/6/1001
f 304/6/347 27/23/347 84/52/347
f 307/27/1002 301/24/1002 12/44/1002
f 300/20/1003 22/15/1003 25/25/1003
f 308/392/1004 310/395/1004 653/393/1004
f 310/395/1005 312/397/1005 661/396/1005
f 312/397/1006 315/399/1006 659/398/1006
f 315/399/1007 314/429/1007 658/400/1007
f 324/401/1008 348/409/1008 343/402/1008
f 322/403/1009 343/402/1009 344/404/1009
f 317/405/1010 344/404/1010 346/406/1010
f 323/410/1011 325/434/1011 318/408/1011
f 318/408/1012 660/770/1012 348/409/1012
f 348/409/1013 347/418/1013 323/410/1013
f 344/404/1014 656/414/1014 655/394/1014
f 345/411/1015 351/445/1015 316/412/1015
f 343/402/1016 662/417/1016 656/414/1016
f 349/415/1017 345/411/1017 313/413/1017
f 348/409/1018 660/770/1018 662/417/1018
f 349/415/1019 311/416/1019 309/407/1019
f 317/405/1020 309/407/1020 417/419/1020
f 313/413/1021 316/412/1021 461/421/1021
f 416/423/1022 311/416/1022 313/413/1022
f 460/422/367 409/522/367 416/423/367
f 324/401/1023 506/649/1023 507/424/1023
f 310/395/1024 651/437/1024 648/426/1024
f 322/403/1025 317/405/1025 504/427/1025
f 314/429/1026 315/399/1026 643/430/1026
f 384/433/1027 350/453/1027 658/400/1027
f 658/400/1028 657/449/1028 356/432/1028
f 325/434/1029 635/612/1029 633/435/1029
f 310/395/1030 308/392/1030 650/436/1030
f 320/438/1031 318/408/1031 633/435/1031
f 319/440/1032 320/438/1032 647/439/1032
f 315/399/1033 312/397/1033 648/426/1033
f 309/407/1034 311/416/1034 416/423/1034
f 425/788/1035 316/789/1035 461/442/1035
f 461/442/1036 412/790/1036 449/443/1036
f 449/443/1037 415/791/1037 321/444/1037
f 321/444/1038 425/788/1038 461/442/1038
f 308/392/1039 319/440/1039 642/441/1039
f 351/445/1040 426/535/1040 425/446/1040
f 652/431/1041 645/488/1041 352/447/1041
f 415/450/1042 411/486/1042 383/451/1042
f 350/453/1043 384/433/1043 385/454/1043
f 356/432/1044 359/483/1044 357/456/1044
f 420/458/1045 418/485/1045 358/459/1045
f 362/461/1046 400/465/1046 403/462/1046
f 364/464/1047 401/467/1047 400/465/1047
f 366/466/1048 402/469/1048 401/467/1048
f 366/466/1049 367/471/1049 398/468/1049
f 369/470/1050 399/504/1050 398/468/1050
f 374/472/1051 375/480/1051 367/471/1051
f 372/473/1052 373/476/1052 364/464/1052
f 367/471/1053 375/480/1053 376/474/1053
f 371/475/1054 372/473/1054 362/461/1054
f 373/476/1055 374/472/1055 366/466/1055
f 372/473/1056 371/475/1056 377/477/1056
f 419/478/1057 378/484/1057 372/473/1057
f 380/479/1058 381/482/1058 375/480/1058
f 372/473/1059 378/484/1059 379/481/1059
f 381/482/1060 382/495/1060 376/474/1060
f 379/481/1061 380/479/1061 374/472/1061
f 359/483/1062 379/481/1062 378/484/1062
f 357/456/1063 378/484/1063 419/478/1063
f 411/486/1064 420/458/1064 355/460/1064
f 384/433/1065 356/432/1065 353/457/1065
f 645/488/1066 644/490/1066 386/489/1066
f 644/490/1067 646/492/1067 388/491/1067
f 646/492/1068 649/494/1068 390/493/1068
f 382/495/1069 381/482/1069 390/493/1069
f 649/494/1070 391/792/1070 382/495/1070
f 392/487/1071 359/483/1071 654/448/1071
f 388/491/1072 380/479/1072 392/487/1072
f 395/496/1073 394/514/1073 408/497/1073
f 407/498/1074 408/497/1074 390/493/1074
f 396/499/1075 395/496/1075 407/498/1075
f 388/491/1076 393/508/1076 397/500/1076
f 402/469/1077 368/502/1077 365/501/1077
f 363/503/1078 361/507/1078 403/462/1078
f 399/504/1079 370/506/1079 368/502/1079
f 401/467/1080 365/501/1080 363/503/1080
f 404/505/1081 365/501/1081 368/502/1081
f 361/507/1082 363/503/1082 365/501/1082
f 390/493/1083 408/509/1083 393/508/1083
f 408/509/1084 394/514/1084 405/510/1084
f 408/511/1085 394/793/1085 406/512/1085
f 393/508/1086 405/510/1086 396/499/1086
f 394/514/1087 395/496/1087 396/499/1087
f 416/423/1088 409/522/1088 331/515/1088
f 415/450/1089 321/455/1089 385/454/1089
f 414/420/1090 417/419/1090 327/517/1090
f 341/521/1091 410/425/1091 532/519/1091
f 532/519/1092 413/525/1092 340/520/1092
f 417/419/1093 416/423/1093 329/516/1093
f 409/522/1094 412/578/1094 334/523/1094
f 334/523/1095 412/578/1095 449/524/1095
f 449/524/1096 415/450/1096 339/452/1096
f 413/525/1097 414/420/1097 335/518/1097
f 418/485/1098 420/458/1098 353/457/1098
f 418/485/1099 419/478/1099 377/477/1099
f 420/458/1100 411/486/1100 385/454/1100
f 456/528/445 321/794/445 415/526/445
f 415/526/1101 447/562/1101 445/527/1101
f 461/531/1102 316/537/1102 457/577/1102
f 446/529/1103 423/539/1103 424/530/1103
f 461/531/1102 457/577/1102 446/529/1102
f 424/530/1104 412/795/1104 461/531/1104
f 321/532/1105 456/796/1105 458/533/1105
f 426/535/1106 350/453/1106 321/455/1106
f 459/536/1107 457/577/1107 316/537/1107
f 423/539/1108 439/555/1108 441/540/1108
f 429/541/1109 430/547/1109 424/530/1109
f 422/542/1110 428/548/1110 427/543/1110
f 429/541/1111 441/540/1111 440/545/1111
f 433/546/1112 434/552/1112 430/547/1112
f 428/548/1113 432/553/1113 431/549/1113
f 437/551/1114 433/546/1114 440/545/1114
f 440/545/457 442/558/457 628/550/457
f 437/551/1115 438/597/1115 434/552/1115
f 432/553/1116 436/753/1116 435/554/1116
f 439/555/1117 421/561/1117 427/556/1117
f 440/545/1118 431/559/1118 435/557/1118
f 441/540/1119 427/556/1119 431/559/1119
f 439/555/1120 443/564/1120 444/560/1120
f 447/562/1121 422/542/1121 421/544/1121
f 443/564/1122 448/563/1122 459/536/1122
f 448/563/1123 443/564/1123 439/555/1123
f 447/562/1124 415/526/1124 449/566/1124
f 422/542/1125 447/562/1125 451/567/1125
f 430/569/1126 454/572/1126 453/568/1126
f 434/571/1127 452/574/1127 454/572/1127
f 438/573/1128 450/601/1128 452/574/1128
f 432/553/1129 428/548/1129 454/572/1129
f 452/574/1130 450/601/1130 621/576/1130
f 621/576/1131 436/753/1131 432/553/1131
f 453/568/1132 451/567/1132 412/575/1132
f 428/548/1133 422/542/1133 453/568/1133
f 448/563/1134 446/529/1134 457/577/1134
f 458/533/1105 456/796/1105 445/565/1105
f 444/560/1135 443/564/1135 455/538/1135
f 460/422/1136 461/421/1136 412/578/1136
f 435/557/1137 462/582/1137 464/579/1137
f 435/554/1138 436/753/1138 463/580/1138
f 462/582/1139 465/586/1139 467/583/1139
f 462/581/1140 463/580/1140 466/584/1140
f 465/586/1141 468/755/1141 470/587/1141
f 465/585/1142 466/584/1142 469/588/1142
f 442/558/1143 464/579/1143 472/590/1143
f 467/583/1144 470/587/1144 476/593/1144
f 476/593/1145 471/592/1145 472/590/1145
f 473/591/495 471/592/495 627/595/495
f 437/551/663 627/595/663 626/596/663
f 469/588/1146 475/608/1146 624/599/1146
f 466/584/1147 463/580/1147 620/602/1147
f 624/604/1148 625/598/1148 471/592/1148
f 463/580/1149 436/753/1149 622/605/1149
f 450/601/1150 474/607/1150 623/606/1150
f 622/605/1151 623/606/1151 474/607/1151
f 635/612/1152 641/616/1152 479/613/1152
f 323/410/1153 477/610/1153 478/615/1153
f 641/616/1154 634/618/1154 481/617/1154
f 634/618/1155 637/620/1155 483/619/1155
f 637/620/1156 636/622/1156 485/621/1156
f 636/622/1157 638/624/1157 487/623/1157
f 638/624/1158 639/759/1158 489/625/1158
f 489/625/1159 639/759/1159 640/626/1159
f 484/628/1160 498/638/1160 496/629/1160
f 493/632/1161 491/627/1161 640/626/1161
f 640/626/1162 490/634/1162 492/631/1162
f 488/633/1163 494/636/1163 492/631/1163
f 492/631/1164 494/636/1164 495/635/1164
f 486/630/1165 496/629/1165 494/636/1165
f 494/636/1166 496/629/1166 497/637/1166
f 497/637/1167 496/629/1167 498/638/1167
f 498/638/1168 500/642/1168 501/640/1168
f 500/642/1169 498/638/1169 482/641/1169
f 502/643/1170 503/611/1170 410/425/1170
f 410/425/1171 503/611/1171 347/418/1171
f 504/427/1172 509/651/1172 515/644/1172
f 508/646/1173 514/655/1173 515/647/1173
f 413/525/1174 508/646/1174 509/648/1174
f 322/403/1175 505/428/1175 506/649/1175
f 413/525/1176 532/519/1176 529/650/1176
f 317/405/1177 414/420/1177 509/651/1177
f 512/652/1178 518/660/1178 519/653/1178
f 514/655/1179 531/658/1179 528/656/1179
f 505/428/1180 511/659/1180 512/652/1180
f 508/646/1181 529/650/1181 531/658/1181
f 506/649/1182 512/652/1182 513/654/1182
f 505/428/1183 504/427/1183 510/645/1183
f 518/660/1184 517/666/1184 523/661/1184
f 516/663/544 521/797/544 527/664/544
f 511/659/1185 510/645/1185 516/663/1185
f 514/655/546 520/657/546 521/667/546
f 515/644/1186 521/797/1186 516/663/1186
f 511/659/1187 517/666/1187 518/660/1187
f 525/668/1188 524/662/1188 535/669/1188
f 530/671/1189 539/686/1189 537/672/1189
f 528/656/1190 530/671/1190 526/673/1190
f 518/660/1191 524/662/1191 525/668/1191
f 517/666/1192 516/663/1192 522/665/1192
f 520/657/554 526/673/554 527/674/554
f 529/650/1193 507/678/1193 513/675/1193
f 530/671/1194 528/656/1194 519/676/1194
f 531/658/1195 513/675/1195 519/676/1195
f 532/519/1196 410/425/1196 507/678/1196
f 534/679/1197 541/690/1197 542/680/1197
f 533/681/1198 538/685/1198 545/682/1198
f 523/661/1199 522/665/1199 533/681/1199
f 526/673/562 537/672/562 538/684/562
f 522/665/563 527/664/563 538/685/563
f 524/662/1200 523/661/1200 534/679/1200
f 525/677/1201 536/798/1201 539/686/1201
f 544/687/1202 551/698/1202 552/688/1202
f 541/690/1203 540/683/1203 547/691/1203
f 537/672/1204 539/686/1204 546/693/1204
f 539/686/1205 536/798/1205 543/694/1205
f 535/669/1206 542/680/1206 543/695/1206
f 534/679/1207 533/681/1207 540/683/1207
f 537/672/1208 544/687/1208 545/689/1208
f 553/696/1209 550/702/1209 614/697/1209
f 551/698/1210 553/696/1210 617/697/1210
f 540/683/1211 545/682/1211 552/700/1211
f 541/690/1212 548/692/1212 549/701/1212
f 544/687/1213 546/693/1213 553/696/1213
f 546/693/1214 543/694/1214 550/702/1214
f 543/695/1215 542/680/1215 549/701/1215
f 559/704/1216 566/704/1216 561/704/1216
f 559/704/1217 558/699/1217 565/704/1217
f 550/703/1218 549/701/1218 556/704/1218
f 548/692/1219 547/691/1219 616/703/1219
f 551/698/1220 615/699/1220 618/699/1220
f 547/691/1221 552/700/1221 618/703/1221
f 548/692/1222 555/703/1222 556/704/1222
f 561/704/1223 568/704/1223 569/704/1223
f 563/704/1224 570/704/1224 571/704/1224
f 556/704/1225 555/703/1225 562/704/1225
f 558/699/1226 560/699/1226 567/699/1226
f 560/699/1227 557/699/1227 564/704/1227
f 557/704/1228 556/704/1228 563/704/1228
f 554/703/1229 561/704/1229 562/704/1229
f 572/704/1230 574/699/1230 581/704/1230
f 570/704/1231 603/704/1231 602/704/1231
f 565/704/1232 572/704/1232 573/704/1232
f 561/704/1233 566/704/1233 573/704/1233
f 570/704/1234 563/704/1234 562/704/1234
f 562/704/1235 569/704/1235 603/704/1235
f 565/704/1236 567/699/1236 574/699/1236
f 567/699/1237 564/704/1237 571/704/1237
f 578/799/1238 577/800/1238 602/705/1238
f 602/705/1239 576/709/1239 579/706/1239
f 579/706/1240 581/801/1240 612/707/1240
f 612/707/1241 578/799/1241 602/705/1241
f 575/708/1242 580/802/1242 579/706/1242
f 581/704/1243 574/699/1243 571/704/1243
f 571/704/1244 578/704/1244 612/704/1244
f 570/704/1245 577/704/1245 578/704/1245
f 573/704/1246 572/704/1246 579/704/1246
f 568/704/1247 573/704/1247 580/704/1247
f 580/710/1248 583/713/1248 582/711/1248
f 583/713/1249 585/715/1249 584/714/1249
f 585/715/1250 587/717/1250 586/716/1250
f 605/719/611 586/716/611 587/717/611
f 587/717/611 589/803/611 588/718/611
f 588/718/1251 589/803/1251 591/720/1251
f 591/720/1252 593/723/1252 592/722/1252
f 593/723/1253 595/726/1253 594/724/1253
f 595/726/1254 578/804/1254 577/725/1254
f 577/725/1255 608/733/1255 594/724/1255
f 600/727/1256 576/751/1256 575/712/1256
f 602/704/1257 603/704/1257 569/704/1257
f 601/728/1258 600/727/1258 582/711/1258
f 586/716/640 605/719/640 606/729/640
f 590/721/1259 604/731/1259 606/729/1259
f 590/721/1260 592/722/1260 609/730/1260
f 608/733/1261 607/732/1261 592/722/1261
f 583/734/1262 580/805/1262 579/735/1262
f 585/737/1263 583/734/1263 597/736/1263
f 597/736/1264 598/746/1264 599/743/1264
f 591/742/1265 599/743/1265 598/746/1265
f 608/733/1266 577/725/1266 602/750/1266
f 604/731/1267 609/730/1267 600/727/1267
f 600/727/1268 609/730/1268 607/732/1268
f 607/732/1269 602/750/1269 576/751/1269
f 610/744/1270 599/743/1270 591/742/1270
f 612/749/1271 578/806/1271 595/752/1271
f 617/697/1272 614/697/1272 557/699/1272
f 615/699/1273 558/699/1273 559/704/1273
f 615/699/1274 617/697/1274 560/699/1274
f 618/703/1275 559/704/1275 554/703/1275
f 630/600/1276 631/757/1276 625/754/1276
f 624/599/1277 475/608/1277 474/607/1277
f 624/604/1278 476/593/1278 470/587/1278
f 628/550/494 442/558/494 473/591/494
f 484/628/1279 486/630/1279 638/624/1279
f 478/615/1280 480/609/1280 634/618/1280
f 486/630/1281 488/633/1281 639/759/1281
f 480/609/1282 482/641/1282 637/620/1282
f 635/612/1283 325/434/1283 478/615/1283
f 639/759/1284 488/633/1284 490/634/1284
f 635/612/1285 342/614/1285 336/760/1285
f 482/641/1286 484/628/1286 636/622/1286
f 338/761/1287 337/765/1287 642/441/1287
f 332/762/1288 354/769/1288 645/488/1288
f 387/763/1289 389/767/1289 646/492/1289
f 330/764/1290 333/768/1290 643/430/1290
f 337/765/1291 326/807/1291 650/436/1291
f 650/436/1292 326/807/1292 328/766/1292
f 389/767/1293 391/792/1293 649/494/1293
f 333/768/1294 332/762/1294 652/431/1294
f 354/769/1295 387/763/1295 644/490/1295
f 336/760/1296 338/761/1296 647/439/1296
f 328/766/1297 330/764/1297 648/426/1297
f 345/411/1298 349/415/1298 653/393/1298
f 656/414/1299 319/440/1299 308/392/1299
f 359/483/1300 356/432/1300 657/449/1300
f 314/429/1301 352/447/1301 657/449/1301
f 660/770/1302 318/408/1302 320/438/1302
f 351/445/1303 345/411/1303 661/396/1303
f 659/398/1304 658/400/1304 350/453/1304
f 350/453/1305 426/535/1305 351/445/1305
f 662/417/1306 320/438/1306 319/440/1306
f 349/415/1307 346/406/1307 655/394/1307
l 77 371
l 371 419
